matric_number,course_code,course_title,ca_score_30
MAT-2024-0001,PHY 101,General Physics I,25.6
MAT-2024-0001,MAT 101,General Mathematics I,18.6
MAT-2024-0001,CHM 101,General Chemistry I,18.6
MAT-2024-0001,GST 101,Use of English,25.8
MAT-2024-0001,PHY 102,Practical Physics I,22.6
MAT-2024-0001,CSC 101,Introduction to Computer Science,17.6
MAT-2024-0001,STA 101,Introductory Statistics,21.7
MAT-2024-0001,CSC 102,Introduction to Problem Solving,17.6
MAT-2024-0001,CHM 102,Practical Chemistry I,17.6
MAT-2024-0001,ENG 101,Engineering Mechanics,20.5
MAT-2024-0001,BIO 101,General Biology I,11.8
MAT-2024-0002,MAT 101,General Mathematics I,10.6
MAT-2024-0002,MAT 102,General Mathematics II,17.5
MAT-2024-0002,PHY 101,General Physics I,20.0
MAT-2024-0002,GST 101,Use of English,12.2
MAT-2024-0002,PHY 102,Practical Physics I,15.2
MAT-2024-0002,CSC 102,Introduction to Problem Solving,8.9
MAT-2024-0002,CHM 101,General Chemistry I,12.0
MAT-2024-0003,CSC 102,Introduction to Problem Solving,15.9
MAT-2024-0003,CHM 102,Practical Chemistry I,21.4
MAT-2024-0003,GST 102,Nigerian Peoples and Culture,24.7
MAT-2024-0003,ENG 101,Engineering Mechanics,20.3
MAT-2024-0004,BIO 101,General Biology I,20.1
MAT-2024-0004,PHY 102,Practical Physics I,16.6
MAT-2024-0004,CHM 101,General Chemistry I,14.4
MAT-2024-0004,MAT 101,General Mathematics I,10.5
MAT-2024-0005,CSC 102,Introduction to Problem Solving,11.1
MAT-2024-0005,ENG 101,Engineering Mechanics,7.9
MAT-2024-0005,STA 101,Introductory Statistics,24.9
MAT-2024-0006,CSC 101,Introduction to Computer Science,17.2
MAT-2024-0006,GST 101,Use of English,15.9
MAT-2024-0006,STA 101,Introductory Statistics,11.3
MAT-2024-0006,PHY 101,General Physics I,20.6
MAT-2024-0006,PHY 102,Practical Physics I,19.0
MAT-2024-0007,PHY 101,General Physics I,25.2
MAT-2024-0007,STA 101,Introductory Statistics,22.5
MAT-2024-0007,CSC 102,Introduction to Problem Solving,15.9
MAT-2024-0007,PHY 102,Practical Physics I,17.6
MAT-2024-0007,CHM 101,General Chemistry I,24.7
MAT-2024-0007,MAT 101,General Mathematics I,14.9
MAT-2024-0007,CHM 102,Practical Chemistry I,22.2
MAT-2024-0008,GST 102,Nigerian Peoples and Culture,25.9
MAT-2024-0008,PHY 101,General Physics I,19.2
MAT-2024-0008,ENG 101,Engineering Mechanics,26.6
MAT-2024-0008,CSC 102,Introduction to Problem Solving,20.1
MAT-2024-0008,MAT 102,General Mathematics II,27.1
MAT-2024-0008,CHM 101,General Chemistry I,28.6
MAT-2024-0008,CHM 102,Practical Chemistry I,20.7
MAT-2024-0008,STA 101,Introductory Statistics,27.9
MAT-2024-0009,STA 101,Introductory Statistics,9.5
MAT-2024-0009,PHY 102,Practical Physics I,15.7
MAT-2024-0009,GST 101,Use of English,18.0
MAT-2024-0009,PHY 101,General Physics I,18.7
MAT-2024-0009,MAT 101,General Mathematics I,16.2
MAT-2024-0009,CHM 102,Practical Chemistry I,18.0
MAT-2024-0009,ENG 101,Engineering Mechanics,25.2
MAT-2024-0009,CSC 101,Introduction to Computer Science,22.9
MAT-2024-0009,GST 102,Nigerian Peoples and Culture,12.9
MAT-2024-0009,CSC 102,Introduction to Problem Solving,14.3
MAT-2024-0010,ENG 101,Engineering Mechanics,23.4
MAT-2024-0010,CHM 101,General Chemistry I,19.6
MAT-2024-0011,CHM 102,Practical Chemistry I,24.2
MAT-2024-0011,STA 101,Introductory Statistics,18.7
MAT-2024-0011,CSC 101,Introduction to Computer Science,17.8
MAT-2024-0011,CSC 102,Introduction to Problem Solving,14.2
MAT-2024-0011,PHY 102,Practical Physics I,16.3
MAT-2024-0011,GST 101,Use of English,21.0
MAT-2024-0011,GST 102,Nigerian Peoples and Culture,14.1
MAT-2024-0011,MAT 102,General Mathematics II,11.4
MAT-2024-0012,CHM 102,Practical Chemistry I,21.8
MAT-2024-0012,PHY 101,General Physics I,15.0
MAT-2024-0012,PHY 102,Practical Physics I,18.4
MAT-2024-0012,CSC 101,Introduction to Computer Science,5.7
MAT-2024-0012,GST 102,Nigerian Peoples and Culture,14.6
MAT-2024-0012,GST 101,Use of English,17.6
MAT-2024-0012,CSC 102,Introduction to Problem Solving,13.7
MAT-2024-0012,BIO 101,General Biology I,25.2
MAT-2024-0012,STA 101,Introductory Statistics,12.9
MAT-2024-0012,MAT 102,General Mathematics II,16.9
MAT-2024-0012,CHM 101,General Chemistry I,19.2
MAT-2024-0013,GST 101,Use of English,14.8
MAT-2024-0013,CHM 102,Practical Chemistry I,5.7
MAT-2024-0013,STA 101,Introductory Statistics,16.6
MAT-2024-0013,MAT 101,General Mathematics I,5.8
MAT-2024-0013,MAT 102,General Mathematics II,15.4
MAT-2024-0013,PHY 102,Practical Physics I,10.2
MAT-2024-0013,ENG 101,Engineering Mechanics,3.5
MAT-2024-0013,CSC 101,Introduction to Computer Science,6.1
MAT-2024-0013,GST 102,Nigerian Peoples and Culture,15.6
MAT-2024-0014,PHY 101,General Physics I,17.9
MAT-2024-0014,GST 101,Use of English,17.6
MAT-2024-0014,PHY 102,Practical Physics I,26.5
MAT-2024-0014,STA 101,Introductory Statistics,15.0
MAT-2024-0014,CSC 102,Introduction to Problem Solving,18.4
MAT-2024-0015,BIO 101,General Biology I,5.1
MAT-2024-0015,ENG 101,Engineering Mechanics,7.9
MAT-2024-0015,CHM 102,Practical Chemistry I,9.9
MAT-2024-0015,MAT 102,General Mathematics II,12.0
MAT-2024-0015,CSC 101,Introduction to Computer Science,16.6
MAT-2024-0015,CHM 101,General Chemistry I,14.2
MAT-2024-0015,PHY 101,General Physics I,10.1
MAT-2024-0015,CSC 102,Introduction to Problem Solving,10.7
MAT-2024-0015,PHY 102,Practical Physics I,6.7
MAT-2024-0015,GST 102,Nigerian Peoples and Culture,10.7
MAT-2024-0015,GST 101,Use of English,9.6
MAT-2024-0016,ENG 101,Engineering Mechanics,10.0
MAT-2024-0016,PHY 102,Practical Physics I,19.6
MAT-2024-0016,MAT 102,General Mathematics II,11.1
MAT-2024-0016,STA 101,Introductory Statistics,13.3
MAT-2024-0016,GST 101,Use of English,11.5
MAT-2024-0016,CSC 101,Introduction to Computer Science,12.6
MAT-2024-0016,CHM 101,General Chemistry I,10.9
MAT-2024-0016,GST 102,Nigerian Peoples and Culture,15.7
MAT-2024-0016,MAT 101,General Mathematics I,9.7
MAT-2024-0016,CHM 102,Practical Chemistry I,8.5
MAT-2024-0017,CSC 101,Introduction to Computer Science,17.1
MAT-2024-0017,CHM 102,Practical Chemistry I,29.4
MAT-2024-0018,MAT 102,General Mathematics II,18.2
MAT-2024-0018,CHM 102,Practical Chemistry I,12.4
MAT-2024-0018,ENG 101,Engineering Mechanics,24.8
MAT-2024-0019,PHY 101,General Physics I,18.4
MAT-2024-0019,ENG 101,Engineering Mechanics,21.3
MAT-2024-0019,CSC 102,Introduction to Problem Solving,11.0
MAT-2024-0019,PHY 102,Practical Physics I,16.3
MAT-2024-0019,BIO 101,General Biology I,16.5
MAT-2024-0019,CHM 101,General Chemistry I,12.4
MAT-2024-0019,GST 102,Nigerian Peoples and Culture,18.8
MAT-2024-0019,MAT 101,General Mathematics I,19.8
MAT-2024-0019,STA 101,Introductory Statistics,15.6
MAT-2024-0019,CSC 101,Introduction to Computer Science,25.0
MAT-2024-0020,STA 101,Introductory Statistics,19.7
MAT-2024-0020,PHY 101,General Physics I,19.1
MAT-2024-0020,CHM 101,General Chemistry I,22.2
MAT-2024-0020,ENG 101,Engineering Mechanics,19.2
MAT-2024-0020,CSC 101,Introduction to Computer Science,22.0
MAT-2024-0020,BIO 101,General Biology I,15.8
MAT-2024-0020,MAT 101,General Mathematics I,26.1
MAT-2024-0020,MAT 102,General Mathematics II,20.0
MAT-2024-0020,GST 102,Nigerian Peoples and Culture,20.6
MAT-2024-0020,CSC 102,Introduction to Problem Solving,15.8
MAT-2024-0020,CHM 102,Practical Chemistry I,20.8
MAT-2024-0021,CHM 102,Practical Chemistry I,11.8
MAT-2024-0021,CHM 101,General Chemistry I,9.8
MAT-2024-0022,GST 102,Nigerian Peoples and Culture,20.7
MAT-2024-0022,PHY 102,Practical Physics I,27.3
MAT-2024-0022,GST 101,Use of English,19.9
MAT-2024-0022,CSC 101,Introduction to Computer Science,22.4
MAT-2024-0022,STA 101,Introductory Statistics,23.5
MAT-2024-0022,CSC 102,Introduction to Problem Solving,13.2
MAT-2024-0022,CHM 101,General Chemistry I,30.0
MAT-2024-0022,ENG 101,Engineering Mechanics,18.4
MAT-2024-0022,MAT 101,General Mathematics I,22.1
MAT-2024-0022,BIO 101,General Biology I,22.7
MAT-2024-0022,PHY 101,General Physics I,16.9
MAT-2024-0023,PHY 101,General Physics I,23.5
MAT-2024-0024,MAT 102,General Mathematics II,27.3
MAT-2024-0024,CHM 101,General Chemistry I,30.0
MAT-2024-0024,GST 101,Use of English,22.4
MAT-2024-0024,MAT 101,General Mathematics I,25.0
MAT-2024-0024,CHM 102,Practical Chemistry I,27.2
MAT-2024-0024,PHY 101,General Physics I,14.7
MAT-2024-0025,CSC 102,Introduction to Problem Solving,25.2
MAT-2024-0025,BIO 101,General Biology I,20.8
MAT-2024-0026,MAT 102,General Mathematics II,9.2
MAT-2024-0026,GST 102,Nigerian Peoples and Culture,5.2
MAT-2024-0027,CSC 101,Introduction to Computer Science,29.4
MAT-2024-0027,CHM 102,Practical Chemistry I,21.4
MAT-2024-0027,BIO 101,General Biology I,16.9
MAT-2024-0028,CSC 101,Introduction to Computer Science,3.1
MAT-2024-0028,CHM 101,General Chemistry I,9.6
MAT-2024-0028,GST 102,Nigerian Peoples and Culture,3.3
MAT-2024-0028,PHY 102,Practical Physics I,3.4
MAT-2024-0028,ENG 101,Engineering Mechanics,7.8
MAT-2024-0028,GST 101,Use of English,6.1
MAT-2024-0028,CSC 102,Introduction to Problem Solving,15.1
MAT-2024-0028,STA 101,Introductory Statistics,0.0
MAT-2024-0028,PHY 101,General Physics I,6.4
MAT-2024-0029,ENG 101,Engineering Mechanics,6.5
MAT-2024-0029,CHM 102,Practical Chemistry I,9.1
MAT-2024-0029,CSC 102,Introduction to Problem Solving,7.7
MAT-2024-0029,STA 101,Introductory Statistics,19.2
MAT-2024-0029,BIO 101,General Biology I,15.9
MAT-2024-0030,BIO 101,General Biology I,8.6
MAT-2024-0030,PHY 101,General Physics I,22.3
MAT-2024-0030,GST 101,Use of English,10.3
MAT-2024-0030,CHM 102,Practical Chemistry I,12.0
MAT-2024-0030,CSC 102,Introduction to Problem Solving,20.5
MAT-2024-0030,STA 101,Introductory Statistics,8.2
MAT-2024-0030,MAT 101,General Mathematics I,18.3
MAT-2024-0030,CHM 101,General Chemistry I,9.6
MAT-2024-0030,MAT 102,General Mathematics II,20.2
MAT-2024-0031,PHY 102,Practical Physics I,16.2
MAT-2024-0031,GST 101,Use of English,21.7
MAT-2024-0031,MAT 101,General Mathematics I,15.7
MAT-2024-0031,PHY 101,General Physics I,13.5
MAT-2024-0032,MAT 101,General Mathematics I,8.6
MAT-2024-0032,GST 101,Use of English,10.5
MAT-2024-0032,PHY 101,General Physics I,8.8
MAT-2024-0032,MAT 102,General Mathematics II,10.3
MAT-2024-0032,STA 101,Introductory Statistics,18.4
MAT-2024-0032,CHM 102,Practical Chemistry I,10.4
MAT-2024-0032,CHM 101,General Chemistry I,24.7
MAT-2024-0032,BIO 101,General Biology I,16.2
MAT-2024-0032,CSC 101,Introduction to Computer Science,15.0
MAT-2024-0032,CSC 102,Introduction to Problem Solving,10.8
MAT-2024-0032,PHY 102,Practical Physics I,17.0
MAT-2024-0033,CSC 101,Introduction to Computer Science,25.5
MAT-2024-0033,CSC 102,Introduction to Problem Solving,20.5
MAT-2024-0033,PHY 102,Practical Physics I,22.8
MAT-2024-0033,CHM 102,Practical Chemistry I,20.9
MAT-2024-0033,BIO 101,General Biology I,21.4
MAT-2024-0033,GST 101,Use of English,17.9
MAT-2024-0033,ENG 101,Engineering Mechanics,17.7
MAT-2024-0033,GST 102,Nigerian Peoples and Culture,18.8
MAT-2024-0033,STA 101,Introductory Statistics,20.6
MAT-2024-0034,PHY 101,General Physics I,27.6
MAT-2024-0034,MAT 102,General Mathematics II,26.0
MAT-2024-0034,CHM 102,Practical Chemistry I,14.4
MAT-2024-0034,ENG 101,Engineering Mechanics,26.5
MAT-2024-0035,ENG 101,Engineering Mechanics,15.9
MAT-2024-0035,MAT 102,General Mathematics II,23.6
MAT-2024-0035,BIO 101,General Biology I,27.2
MAT-2024-0035,MAT 101,General Mathematics I,16.5
MAT-2024-0035,PHY 101,General Physics I,16.2
MAT-2024-0035,PHY 102,Practical Physics I,23.8
MAT-2024-0036,CSC 102,Introduction to Problem Solving,13.0
MAT-2024-0036,STA 101,Introductory Statistics,22.5
MAT-2024-0036,PHY 101,General Physics I,20.0
MAT-2024-0036,GST 101,Use of English,18.5
MAT-2024-0036,PHY 102,Practical Physics I,16.5
MAT-2024-0036,GST 102,Nigerian Peoples and Culture,17.2
MAT-2024-0036,CHM 101,General Chemistry I,21.5
MAT-2024-0037,CSC 101,Introduction to Computer Science,12.7
MAT-2024-0037,ENG 101,Engineering Mechanics,15.4
MAT-2024-0037,MAT 102,General Mathematics II,15.6
MAT-2024-0037,CHM 101,General Chemistry I,16.9
MAT-2024-0037,BIO 101,General Biology I,22.3
MAT-2024-0037,GST 101,Use of English,13.5
MAT-2024-0037,CSC 102,Introduction to Problem Solving,11.0
MAT-2024-0037,MAT 101,General Mathematics I,8.7
MAT-2024-0038,MAT 102,General Mathematics II,22.4
MAT-2024-0038,GST 102,Nigerian Peoples and Culture,18.6
MAT-2024-0038,PHY 101,General Physics I,21.9
MAT-2024-0038,MAT 101,General Mathematics I,20.5
MAT-2024-0038,CSC 102,Introduction to Problem Solving,21.0
MAT-2024-0038,PHY 102,Practical Physics I,23.3
MAT-2024-0038,BIO 101,General Biology I,19.0
MAT-2024-0038,CHM 102,Practical Chemistry I,23.7
MAT-2024-0039,ENG 101,Engineering Mechanics,22.7
MAT-2024-0039,BIO 101,General Biology I,22.1
MAT-2024-0039,CSC 102,Introduction to Problem Solving,17.5
MAT-2024-0040,ENG 101,Engineering Mechanics,26.8
MAT-2024-0040,MAT 101,General Mathematics I,20.7
MAT-2024-0040,CSC 101,Introduction to Computer Science,17.0
MAT-2024-0040,MAT 102,General Mathematics II,21.1
MAT-2024-0041,ENG 101,Engineering Mechanics,17.9
MAT-2024-0042,MAT 102,General Mathematics II,16.7
MAT-2024-0042,BIO 101,General Biology I,22.6
MAT-2024-0042,CHM 101,General Chemistry I,23.0
MAT-2024-0042,ENG 101,Engineering Mechanics,21.0
MAT-2024-0042,GST 102,Nigerian Peoples and Culture,18.8
MAT-2024-0043,CSC 102,Introduction to Problem Solving,15.5
MAT-2024-0043,BIO 101,General Biology I,20.8
MAT-2024-0043,CSC 101,Introduction to Computer Science,20.0
MAT-2024-0043,GST 101,Use of English,26.2
MAT-2024-0043,CHM 101,General Chemistry I,25.0
MAT-2024-0043,PHY 102,Practical Physics I,13.3
MAT-2024-0043,MAT 101,General Mathematics I,22.9
MAT-2024-0043,GST 102,Nigerian Peoples and Culture,24.5
MAT-2024-0043,STA 101,Introductory Statistics,21.7
MAT-2024-0043,ENG 101,Engineering Mechanics,18.1
MAT-2024-0043,CHM 102,Practical Chemistry I,29.1
MAT-2024-0044,MAT 101,General Mathematics I,25.7
MAT-2024-0044,MAT 102,General Mathematics II,24.2
MAT-2024-0044,PHY 102,Practical Physics I,24.5
MAT-2024-0044,BIO 101,General Biology I,26.5
MAT-2024-0044,GST 102,Nigerian Peoples and Culture,19.9
MAT-2024-0044,CSC 101,Introduction to Computer Science,23.0
MAT-2024-0045,GST 102,Nigerian Peoples and Culture,20.4
MAT-2024-0046,CSC 101,Introduction to Computer Science,10.4
MAT-2024-0046,PHY 101,General Physics I,20.2
MAT-2024-0047,PHY 101,General Physics I,23.7
MAT-2024-0047,CHM 102,Practical Chemistry I,24.2
MAT-2024-0047,GST 101,Use of English,19.2
MAT-2024-0047,ENG 101,Engineering Mechanics,26.1
MAT-2024-0047,MAT 102,General Mathematics II,29.0
MAT-2024-0047,CSC 102,Introduction to Problem Solving,18.5
MAT-2024-0047,CHM 101,General Chemistry I,18.0
MAT-2024-0047,PHY 102,Practical Physics I,20.4
MAT-2024-0047,MAT 101,General Mathematics I,17.9
MAT-2024-0047,STA 101,Introductory Statistics,17.3
MAT-2024-0048,CHM 102,Practical Chemistry I,18.9
MAT-2024-0048,PHY 102,Practical Physics I,29.0
MAT-2024-0048,CSC 102,Introduction to Problem Solving,20.6
MAT-2024-0048,GST 102,Nigerian Peoples and Culture,22.2
MAT-2024-0048,STA 101,Introductory Statistics,24.8
MAT-2024-0048,CHM 101,General Chemistry I,23.3
MAT-2024-0048,PHY 101,General Physics I,22.0
MAT-2024-0049,CSC 102,Introduction to Problem Solving,16.8
MAT-2024-0049,STA 101,Introductory Statistics,7.1
MAT-2024-0049,GST 101,Use of English,14.4
MAT-2024-0049,CHM 101,General Chemistry I,14.8
MAT-2024-0049,ENG 101,Engineering Mechanics,10.8
MAT-2024-0049,CSC 101,Introduction to Computer Science,17.5
MAT-2024-0049,MAT 102,General Mathematics II,11.4
MAT-2024-0049,GST 102,Nigerian Peoples and Culture,12.5
MAT-2024-0049,BIO 101,General Biology I,11.3
MAT-2024-0049,CHM 102,Practical Chemistry I,12.1
MAT-2024-0049,PHY 101,General Physics I,7.6
MAT-2024-0050,MAT 101,General Mathematics I,24.6
MAT-2024-0050,BIO 101,General Biology I,19.4
MAT-2024-0051,PHY 102,Practical Physics I,14.4
MAT-2024-0051,PHY 101,General Physics I,16.7
MAT-2024-0051,CSC 102,Introduction to Problem Solving,24.4
MAT-2024-0051,GST 102,Nigerian Peoples and Culture,16.7
MAT-2024-0051,GST 101,Use of English,19.7
MAT-2024-0051,CHM 101,General Chemistry I,22.8
MAT-2024-0051,CHM 102,Practical Chemistry I,16.8
MAT-2024-0051,CSC 101,Introduction to Computer Science,21.1
MAT-2024-0051,MAT 101,General Mathematics I,15.3
MAT-2024-0051,ENG 101,Engineering Mechanics,18.2
MAT-2024-0052,CHM 101,General Chemistry I,26.3
MAT-2024-0052,CSC 101,Introduction to Computer Science,26.7
MAT-2024-0052,BIO 101,General Biology I,23.0
MAT-2024-0052,GST 102,Nigerian Peoples and Culture,19.5
MAT-2024-0052,MAT 102,General Mathematics II,22.2
MAT-2024-0052,MAT 101,General Mathematics I,21.7
MAT-2024-0053,GST 102,Nigerian Peoples and Culture,15.9
MAT-2024-0053,CHM 101,General Chemistry I,11.6
MAT-2024-0053,CHM 102,Practical Chemistry I,20.3
MAT-2024-0053,PHY 101,General Physics I,13.7
MAT-2024-0053,CSC 101,Introduction to Computer Science,15.2
MAT-2024-0053,CSC 102,Introduction to Problem Solving,15.7
MAT-2024-0053,MAT 101,General Mathematics I,17.3
MAT-2024-0053,ENG 101,Engineering Mechanics,15.0
MAT-2024-0053,BIO 101,General Biology I,18.2
MAT-2024-0053,PHY 102,Practical Physics I,15.6
MAT-2024-0053,GST 101,Use of English,20.9
MAT-2024-0054,PHY 102,Practical Physics I,5.0
MAT-2024-0054,GST 101,Use of English,4.0
MAT-2024-0054,STA 101,Introductory Statistics,10.2
MAT-2024-0054,CSC 102,Introduction to Problem Solving,4.4
MAT-2024-0054,CHM 101,General Chemistry I,8.1
MAT-2024-0055,BIO 101,General Biology I,20.2
MAT-2024-0055,CHM 101,General Chemistry I,17.1
MAT-2024-0055,MAT 101,General Mathematics I,16.4
MAT-2024-0055,PHY 101,General Physics I,20.5
MAT-2024-0055,ENG 101,Engineering Mechanics,15.6
MAT-2024-0055,CSC 102,Introduction to Problem Solving,17.9
MAT-2024-0055,CHM 102,Practical Chemistry I,18.1
MAT-2024-0055,GST 102,Nigerian Peoples and Culture,14.1
MAT-2024-0055,CSC 101,Introduction to Computer Science,20.8
MAT-2024-0056,CHM 102,Practical Chemistry I,16.0
MAT-2024-0056,CHM 101,General Chemistry I,14.7
MAT-2024-0056,CSC 101,Introduction to Computer Science,17.5
MAT-2024-0057,GST 102,Nigerian Peoples and Culture,15.5
MAT-2024-0057,CSC 102,Introduction to Problem Solving,18.1
MAT-2024-0057,ENG 101,Engineering Mechanics,15.1
MAT-2024-0057,MAT 102,General Mathematics II,11.9
MAT-2024-0057,MAT 101,General Mathematics I,21.7
MAT-2024-0057,PHY 101,General Physics I,20.1
MAT-2024-0057,PHY 102,Practical Physics I,27.2
MAT-2024-0057,STA 101,Introductory Statistics,13.9
MAT-2024-0058,GST 102,Nigerian Peoples and Culture,15.7
MAT-2024-0058,MAT 101,General Mathematics I,7.2
MAT-2024-0058,STA 101,Introductory Statistics,5.4
MAT-2024-0059,GST 102,Nigerian Peoples and Culture,22.3
MAT-2024-0059,CSC 101,Introduction to Computer Science,24.4
MAT-2024-0059,ENG 101,Engineering Mechanics,18.6
MAT-2024-0059,CSC 102,Introduction to Problem Solving,21.9
MAT-2024-0059,MAT 101,General Mathematics I,16.4
MAT-2024-0059,CHM 101,General Chemistry I,21.4
MAT-2024-0059,PHY 102,Practical Physics I,21.5
MAT-2024-0059,MAT 102,General Mathematics II,28.1
MAT-2024-0059,CHM 102,Practical Chemistry I,20.3
MAT-2024-0059,PHY 101,General Physics I,21.5
MAT-2024-0060,GST 101,Use of English,9.7
MAT-2024-0060,CHM 102,Practical Chemistry I,17.0
MAT-2024-0060,PHY 101,General Physics I,13.0
MAT-2024-0060,STA 101,Introductory Statistics,10.1
MAT-2024-0060,GST 102,Nigerian Peoples and Culture,11.7
MAT-2024-0060,ENG 101,Engineering Mechanics,9.2
MAT-2024-0060,CHM 101,General Chemistry I,12.9
MAT-2024-0060,PHY 102,Practical Physics I,16.5
MAT-2024-0060,CSC 102,Introduction to Problem Solving,13.1
MAT-2024-0060,BIO 101,General Biology I,22.7
MAT-2024-0060,MAT 101,General Mathematics I,14.9
MAT-2024-0061,ENG 101,Engineering Mechanics,24.3
MAT-2024-0061,MAT 101,General Mathematics I,20.3
MAT-2024-0061,CSC 101,Introduction to Computer Science,14.4
MAT-2024-0062,MAT 102,General Mathematics II,23.4
MAT-2024-0062,ENG 101,Engineering Mechanics,24.5
MAT-2024-0062,CHM 102,Practical Chemistry I,23.7
MAT-2024-0062,GST 101,Use of English,19.0
MAT-2024-0062,CHM 101,General Chemistry I,19.9
MAT-2024-0062,CSC 101,Introduction to Computer Science,23.7
MAT-2024-0063,ENG 101,Engineering Mechanics,16.8
MAT-2024-0063,MAT 101,General Mathematics I,9.9
MAT-2024-0064,GST 101,Use of English,22.4
MAT-2024-0064,MAT 102,General Mathematics II,13.5
MAT-2024-0064,BIO 101,General Biology I,15.9
MAT-2024-0064,STA 101,Introductory Statistics,13.6
MAT-2024-0064,CHM 101,General Chemistry I,20.3
MAT-2024-0064,CSC 102,Introduction to Problem Solving,14.8
MAT-2024-0064,PHY 101,General Physics I,16.5
MAT-2024-0064,MAT 101,General Mathematics I,19.6
MAT-2024-0065,GST 101,Use of English,17.7
MAT-2024-0065,ENG 101,Engineering Mechanics,11.6
MAT-2024-0065,STA 101,Introductory Statistics,9.6
MAT-2024-0065,CHM 101,General Chemistry I,17.3
MAT-2024-0065,PHY 101,General Physics I,21.1
MAT-2024-0065,PHY 102,Practical Physics I,21.8
MAT-2024-0065,CSC 101,Introduction to Computer Science,18.5
MAT-2024-0065,CHM 102,Practical Chemistry I,21.0
MAT-2024-0065,BIO 101,General Biology I,19.4
MAT-2024-0065,MAT 102,General Mathematics II,16.5
MAT-2024-0065,CSC 102,Introduction to Problem Solving,20.2
MAT-2024-0066,STA 101,Introductory Statistics,16.6
MAT-2024-0066,MAT 101,General Mathematics I,12.6
MAT-2024-0066,PHY 101,General Physics I,13.9
MAT-2024-0066,CHM 101,General Chemistry I,15.7
MAT-2024-0066,CSC 101,Introduction to Computer Science,7.4
MAT-2024-0066,PHY 102,Practical Physics I,11.6
MAT-2024-0066,CSC 102,Introduction to Problem Solving,16.9
MAT-2024-0066,ENG 101,Engineering Mechanics,8.7
MAT-2024-0066,BIO 101,General Biology I,14.9
MAT-2024-0067,STA 101,Introductory Statistics,13.5
MAT-2024-0067,CSC 102,Introduction to Problem Solving,13.8
MAT-2024-0067,MAT 102,General Mathematics II,13.8
MAT-2024-0067,ENG 101,Engineering Mechanics,18.8
MAT-2024-0067,GST 102,Nigerian Peoples and Culture,11.0
MAT-2024-0067,PHY 101,General Physics I,18.4
MAT-2024-0067,GST 101,Use of English,13.1
MAT-2024-0068,GST 101,Use of English,19.7
MAT-2024-0068,CHM 101,General Chemistry I,23.6
MAT-2024-0068,MAT 101,General Mathematics I,27.8
MAT-2024-0068,ENG 101,Engineering Mechanics,25.7
MAT-2024-0068,CHM 102,Practical Chemistry I,28.9
MAT-2024-0068,MAT 102,General Mathematics II,21.4
MAT-2024-0068,CSC 101,Introduction to Computer Science,16.3
MAT-2024-0068,BIO 101,General Biology I,24.4
MAT-2024-0068,GST 102,Nigerian Peoples and Culture,25.1
MAT-2024-0068,PHY 102,Practical Physics I,29.1
MAT-2024-0069,STA 101,Introductory Statistics,17.8
MAT-2024-0069,CHM 102,Practical Chemistry I,13.2
MAT-2024-0069,PHY 101,General Physics I,14.4
MAT-2024-0069,CHM 101,General Chemistry I,14.7
MAT-2024-0069,GST 102,Nigerian Peoples and Culture,10.7
MAT-2024-0069,PHY 102,Practical Physics I,14.8
MAT-2024-0069,MAT 102,General Mathematics II,10.1
MAT-2024-0069,GST 101,Use of English,11.2
MAT-2024-0069,CSC 101,Introduction to Computer Science,15.4
MAT-2024-0069,ENG 101,Engineering Mechanics,14.4
MAT-2024-0070,GST 102,Nigerian Peoples and Culture,19.7
MAT-2024-0070,CSC 101,Introduction to Computer Science,21.7
MAT-2024-0070,GST 101,Use of English,10.6
MAT-2024-0070,ENG 101,Engineering Mechanics,21.7
MAT-2024-0070,PHY 102,Practical Physics I,16.3
MAT-2024-0071,CSC 102,Introduction to Problem Solving,18.4
MAT-2024-0071,CSC 101,Introduction to Computer Science,10.5
MAT-2024-0071,PHY 102,Practical Physics I,11.8
MAT-2024-0071,CHM 102,Practical Chemistry I,13.8
MAT-2024-0071,CHM 101,General Chemistry I,13.7
MAT-2024-0071,ENG 101,Engineering Mechanics,15.6
MAT-2024-0071,GST 102,Nigerian Peoples and Culture,11.1
MAT-2024-0071,MAT 101,General Mathematics I,8.0
MAT-2024-0071,MAT 102,General Mathematics II,7.3
MAT-2024-0071,BIO 101,General Biology I,10.3
MAT-2024-0071,STA 101,Introductory Statistics,8.8
MAT-2024-0072,MAT 102,General Mathematics II,21.4
MAT-2024-0072,PHY 102,Practical Physics I,27.3
MAT-2024-0072,CSC 102,Introduction to Problem Solving,19.1
MAT-2024-0072,STA 101,Introductory Statistics,18.6
MAT-2024-0072,BIO 101,General Biology I,19.9
MAT-2024-0072,GST 102,Nigerian Peoples and Culture,18.8
MAT-2024-0072,GST 101,Use of English,23.2
MAT-2024-0073,GST 101,Use of English,19.5
MAT-2024-0073,GST 102,Nigerian Peoples and Culture,23.6
MAT-2024-0073,BIO 101,General Biology I,20.1
MAT-2024-0073,CSC 101,Introduction to Computer Science,22.1
MAT-2024-0073,PHY 101,General Physics I,29.7
MAT-2024-0073,CHM 101,General Chemistry I,22.9
MAT-2024-0073,CHM 102,Practical Chemistry I,29.6
MAT-2024-0073,STA 101,Introductory Statistics,28.4
MAT-2024-0073,ENG 101,Engineering Mechanics,22.5
MAT-2024-0073,PHY 102,Practical Physics I,22.0
MAT-2024-0073,MAT 101,General Mathematics I,20.4
MAT-2024-0074,CHM 102,Practical Chemistry I,9.4
MAT-2024-0074,CHM 101,General Chemistry I,13.5
MAT-2024-0074,GST 101,Use of English,0.6
MAT-2024-0074,MAT 102,General Mathematics II,8.6
MAT-2024-0075,MAT 101,General Mathematics I,15.7
MAT-2024-0075,MAT 102,General Mathematics II,24.5
MAT-2024-0075,GST 101,Use of English,16.4
MAT-2024-0076,PHY 102,Practical Physics I,14.4
MAT-2024-0076,PHY 101,General Physics I,19.6
MAT-2024-0076,BIO 101,General Biology I,25.5
MAT-2024-0076,ENG 101,Engineering Mechanics,21.0
MAT-2024-0076,GST 101,Use of English,22.4
MAT-2024-0076,MAT 102,General Mathematics II,8.9
MAT-2024-0076,GST 102,Nigerian Peoples and Culture,25.0
MAT-2024-0076,CHM 102,Practical Chemistry I,18.0
MAT-2024-0077,CSC 101,Introduction to Computer Science,11.2
MAT-2024-0077,CHM 102,Practical Chemistry I,7.3
MAT-2024-0077,MAT 101,General Mathematics I,8.3
MAT-2024-0077,PHY 101,General Physics I,10.5
MAT-2024-0078,GST 101,Use of English,3.6
MAT-2024-0078,CSC 101,Introduction to Computer Science,6.0
MAT-2024-0078,GST 102,Nigerian Peoples and Culture,7.6
MAT-2024-0078,BIO 101,General Biology I,5.0
MAT-2024-0078,MAT 101,General Mathematics I,9.2
MAT-2024-0078,MAT 102,General Mathematics II,7.7
MAT-2024-0078,ENG 101,Engineering Mechanics,13.6
MAT-2024-0079,BIO 101,General Biology I,11.5
MAT-2024-0079,CSC 101,Introduction to Computer Science,4.2
MAT-2024-0080,CHM 102,Practical Chemistry I,18.8
MAT-2024-0080,GST 102,Nigerian Peoples and Culture,21.3
MAT-2024-0080,CSC 102,Introduction to Problem Solving,19.6
MAT-2024-0080,PHY 102,Practical Physics I,17.3
MAT-2024-0080,STA 101,Introductory Statistics,11.0
MAT-2024-0080,BIO 101,General Biology I,18.4
MAT-2024-0080,CHM 101,General Chemistry I,30.0
MAT-2024-0080,MAT 102,General Mathematics II,13.7
MAT-2024-0081,ENG 101,Engineering Mechanics,23.7
MAT-2024-0081,GST 102,Nigerian Peoples and Culture,20.8
MAT-2024-0081,BIO 101,General Biology I,24.8
MAT-2024-0081,CSC 101,Introduction to Computer Science,26.2
MAT-2024-0081,CHM 102,Practical Chemistry I,25.8
MAT-2024-0081,CSC 102,Introduction to Problem Solving,18.4
MAT-2024-0081,PHY 102,Practical Physics I,24.6
MAT-2024-0081,PHY 101,General Physics I,21.4
MAT-2024-0081,MAT 102,General Mathematics II,27.4
MAT-2024-0082,BIO 101,General Biology I,14.0
MAT-2024-0082,CHM 102,Practical Chemistry I,20.7
MAT-2024-0082,GST 101,Use of English,14.9
MAT-2024-0082,CHM 101,General Chemistry I,14.2
MAT-2024-0082,MAT 102,General Mathematics II,15.2
MAT-2024-0082,PHY 101,General Physics I,14.2
MAT-2024-0082,STA 101,Introductory Statistics,12.0
MAT-2024-0082,CSC 101,Introduction to Computer Science,10.9
MAT-2024-0082,GST 102,Nigerian Peoples and Culture,11.8
MAT-2024-0083,STA 101,Introductory Statistics,21.5
MAT-2024-0083,MAT 102,General Mathematics II,30.0
MAT-2024-0083,GST 102,Nigerian Peoples and Culture,25.5
MAT-2024-0083,PHY 101,General Physics I,12.2
MAT-2024-0083,CSC 101,Introduction to Computer Science,29.5
MAT-2024-0084,GST 101,Use of English,16.0
MAT-2024-0084,ENG 101,Engineering Mechanics,18.7
MAT-2024-0084,CSC 101,Introduction to Computer Science,12.0
MAT-2024-0085,PHY 101,General Physics I,16.9
MAT-2024-0085,ENG 101,Engineering Mechanics,13.4
MAT-2024-0085,CSC 102,Introduction to Problem Solving,14.5
MAT-2024-0085,STA 101,Introductory Statistics,17.7
MAT-2024-0086,BIO 101,General Biology I,19.0
MAT-2024-0086,ENG 101,Engineering Mechanics,14.9
MAT-2024-0086,MAT 101,General Mathematics I,15.8
MAT-2024-0086,GST 101,Use of English,17.9
MAT-2024-0086,CSC 102,Introduction to Problem Solving,15.6
MAT-2024-0086,GST 102,Nigerian Peoples and Culture,16.0
MAT-2024-0086,MAT 102,General Mathematics II,12.7
MAT-2024-0086,CHM 101,General Chemistry I,14.8
MAT-2024-0086,CHM 102,Practical Chemistry I,11.0
MAT-2024-0087,ENG 101,Engineering Mechanics,27.1
MAT-2024-0087,BIO 101,General Biology I,23.9
MAT-2024-0087,MAT 101,General Mathematics I,22.9
MAT-2024-0087,STA 101,Introductory Statistics,24.1
MAT-2024-0087,CHM 101,General Chemistry I,26.2
MAT-2024-0087,MAT 102,General Mathematics II,19.3
MAT-2024-0087,CSC 102,Introduction to Problem Solving,28.5
MAT-2024-0087,GST 101,Use of English,26.9
MAT-2024-0087,GST 102,Nigerian Peoples and Culture,26.9
MAT-2024-0087,PHY 101,General Physics I,25.8
MAT-2024-0088,GST 101,Use of English,21.5
MAT-2024-0088,CHM 101,General Chemistry I,30.0
MAT-2024-0088,ENG 101,Engineering Mechanics,24.7
MAT-2024-0088,BIO 101,General Biology I,22.2
MAT-2024-0088,MAT 101,General Mathematics I,24.6
MAT-2024-0088,CHM 102,Practical Chemistry I,24.1
MAT-2024-0088,CSC 101,Introduction to Computer Science,24.8
MAT-2024-0088,STA 101,Introductory Statistics,17.6
MAT-2024-0089,MAT 102,General Mathematics II,20.7
MAT-2024-0089,ENG 101,Engineering Mechanics,13.8
MAT-2024-0089,CSC 101,Introduction to Computer Science,17.6
MAT-2024-0089,BIO 101,General Biology I,18.3
MAT-2024-0089,CHM 102,Practical Chemistry I,20.5
MAT-2024-0089,MAT 101,General Mathematics I,18.2
MAT-2024-0089,GST 101,Use of English,11.7
MAT-2024-0089,CHM 101,General Chemistry I,16.1
MAT-2024-0089,STA 101,Introductory Statistics,19.1
MAT-2024-0089,PHY 102,Practical Physics I,21.5
MAT-2024-0089,CSC 102,Introduction to Problem Solving,15.7
MAT-2024-0090,ENG 101,Engineering Mechanics,22.1
MAT-2024-0090,CSC 101,Introduction to Computer Science,24.5
MAT-2024-0090,BIO 101,General Biology I,15.0
MAT-2024-0090,CSC 102,Introduction to Problem Solving,21.1
MAT-2024-0090,MAT 101,General Mathematics I,18.5
MAT-2024-0090,CHM 101,General Chemistry I,18.7
MAT-2024-0090,GST 101,Use of English,20.6
MAT-2024-0090,PHY 102,Practical Physics I,20.7
MAT-2024-0090,PHY 101,General Physics I,21.1
MAT-2024-0090,MAT 102,General Mathematics II,14.8
MAT-2024-0090,CHM 102,Practical Chemistry I,16.0
MAT-2024-0091,MAT 102,General Mathematics II,14.8
MAT-2024-0091,ENG 101,Engineering Mechanics,10.4
MAT-2024-0091,CHM 101,General Chemistry I,7.2
MAT-2024-0091,CSC 102,Introduction to Problem Solving,8.1
MAT-2024-0091,CHM 102,Practical Chemistry I,7.0
MAT-2024-0091,PHY 101,General Physics I,14.4
MAT-2024-0092,MAT 101,General Mathematics I,19.0
MAT-2024-0092,CSC 102,Introduction to Problem Solving,15.5
MAT-2024-0092,GST 102,Nigerian Peoples and Culture,25.6
MAT-2024-0092,MAT 102,General Mathematics II,17.8
MAT-2024-0092,STA 101,Introductory Statistics,14.2
MAT-2024-0092,GST 101,Use of English,20.8
MAT-2024-0092,CHM 102,Practical Chemistry I,16.5
MAT-2024-0092,PHY 102,Practical Physics I,15.8
MAT-2024-0093,MAT 101,General Mathematics I,13.9
MAT-2024-0093,MAT 102,General Mathematics II,12.6
MAT-2024-0093,GST 101,Use of English,18.7
MAT-2024-0093,CHM 102,Practical Chemistry I,20.1
MAT-2024-0093,CSC 102,Introduction to Problem Solving,15.4
MAT-2024-0093,CSC 101,Introduction to Computer Science,20.5
MAT-2024-0093,PHY 101,General Physics I,12.5
MAT-2024-0093,ENG 101,Engineering Mechanics,11.7
MAT-2024-0093,PHY 102,Practical Physics I,23.3
MAT-2024-0093,GST 102,Nigerian Peoples and Culture,18.4
MAT-2024-0093,BIO 101,General Biology I,21.7
MAT-2024-0094,BIO 101,General Biology I,16.2
MAT-2024-0094,CSC 102,Introduction to Problem Solving,23.2
MAT-2024-0094,CHM 101,General Chemistry I,27.6
MAT-2024-0094,STA 101,Introductory Statistics,17.6
MAT-2024-0095,PHY 102,Practical Physics I,13.7
MAT-2024-0095,MAT 102,General Mathematics II,24.0
MAT-2024-0095,PHY 101,General Physics I,9.0
MAT-2024-0096,CHM 101,General Chemistry I,8.1
MAT-2024-0096,PHY 101,General Physics I,13.6
MAT-2024-0096,PHY 102,Practical Physics I,15.4
MAT-2024-0097,CHM 101,General Chemistry I,17.4
MAT-2024-0098,CHM 102,Practical Chemistry I,7.9
MAT-2024-0098,ENG 101,Engineering Mechanics,10.2
MAT-2024-0098,CSC 102,Introduction to Problem Solving,4.7
MAT-2024-0098,GST 101,Use of English,6.8
MAT-2024-0098,PHY 101,General Physics I,6.5
MAT-2024-0098,PHY 102,Practical Physics I,11.3
MAT-2024-0098,MAT 101,General Mathematics I,10.8
MAT-2024-0098,STA 101,Introductory Statistics,7.6
MAT-2024-0098,CSC 101,Introduction to Computer Science,11.2
MAT-2024-0098,MAT 102,General Mathematics II,8.3
MAT-2024-0099,MAT 102,General Mathematics II,9.5
MAT-2024-0099,MAT 101,General Mathematics I,19.7
MAT-2024-0099,STA 101,Introductory Statistics,13.1
MAT-2024-0099,GST 102,Nigerian Peoples and Culture,11.9
MAT-2024-0099,ENG 101,Engineering Mechanics,11.7
MAT-2024-0099,CHM 102,Practical Chemistry I,6.5
MAT-2024-0099,CSC 102,Introduction to Problem Solving,12.5
MAT-2024-0099,CHM 101,General Chemistry I,14.9
MAT-2024-0099,CSC 101,Introduction to Computer Science,11.4
MAT-2024-0099,PHY 102,Practical Physics I,14.6
MAT-2024-0100,BIO 101,General Biology I,30.0
MAT-2024-0100,PHY 101,General Physics I,17.6
MAT-2024-0100,ENG 101,Engineering Mechanics,19.0
MAT-2024-0100,STA 101,Introductory Statistics,22.4
MAT-2024-0100,MAT 102,General Mathematics II,27.1
MAT-2024-0100,CSC 101,Introduction to Computer Science,16.2
MAT-2024-0100,GST 101,Use of English,23.3
MAT-2024-0101,CSC 102,Introduction to Problem Solving,18.0
MAT-2024-0101,GST 102,Nigerian Peoples and Culture,13.0
MAT-2024-0101,CHM 102,Practical Chemistry I,14.3
MAT-2024-0102,PHY 102,Practical Physics I,17.0
MAT-2024-0102,GST 102,Nigerian Peoples and Culture,17.0
MAT-2024-0102,BIO 101,General Biology I,17.2
MAT-2024-0102,CHM 102,Practical Chemistry I,9.2
MAT-2024-0102,ENG 101,Engineering Mechanics,20.6
MAT-2024-0103,CHM 101,General Chemistry I,5.5
MAT-2024-0103,STA 101,Introductory Statistics,15.0
MAT-2024-0103,GST 101,Use of English,14.1
MAT-2024-0103,PHY 101,General Physics I,13.9
MAT-2024-0103,MAT 102,General Mathematics II,9.1
MAT-2024-0103,BIO 101,General Biology I,8.8
MAT-2024-0103,PHY 102,Practical Physics I,13.5
MAT-2024-0103,CHM 102,Practical Chemistry I,10.0
MAT-2024-0103,GST 102,Nigerian Peoples and Culture,8.6
MAT-2024-0103,CSC 102,Introduction to Problem Solving,10.6
MAT-2024-0104,MAT 101,General Mathematics I,17.1
MAT-2024-0104,BIO 101,General Biology I,13.9
MAT-2024-0104,STA 101,Introductory Statistics,18.5
MAT-2024-0104,CSC 101,Introduction to Computer Science,19.7
MAT-2024-0104,CSC 102,Introduction to Problem Solving,8.3
MAT-2024-0104,GST 101,Use of English,20.1
MAT-2024-0105,MAT 102,General Mathematics II,19.4
MAT-2024-0105,CHM 101,General Chemistry I,17.6
MAT-2024-0105,STA 101,Introductory Statistics,15.8
MAT-2024-0105,CSC 102,Introduction to Problem Solving,16.4
MAT-2024-0105,PHY 102,Practical Physics I,13.4
MAT-2024-0105,MAT 101,General Mathematics I,14.9
MAT-2024-0106,GST 101,Use of English,16.6
MAT-2024-0106,PHY 101,General Physics I,16.9
MAT-2024-0106,MAT 102,General Mathematics II,11.3
MAT-2024-0106,ENG 101,Engineering Mechanics,14.5
MAT-2024-0106,BIO 101,General Biology I,16.0
MAT-2024-0106,CHM 102,Practical Chemistry I,20.0
MAT-2024-0106,STA 101,Introductory Statistics,17.0
MAT-2024-0106,GST 102,Nigerian Peoples and Culture,17.4
MAT-2024-0106,PHY 102,Practical Physics I,14.6
MAT-2024-0107,MAT 102,General Mathematics II,17.7
MAT-2024-0107,MAT 101,General Mathematics I,17.4
MAT-2024-0107,PHY 101,General Physics I,22.2
MAT-2024-0107,CHM 101,General Chemistry I,19.6
MAT-2024-0107,GST 101,Use of English,13.3
MAT-2024-0107,ENG 101,Engineering Mechanics,9.6
MAT-2024-0107,STA 101,Introductory Statistics,16.2
MAT-2024-0107,CHM 102,Practical Chemistry I,13.7
MAT-2024-0108,CHM 102,Practical Chemistry I,12.0
MAT-2024-0108,PHY 102,Practical Physics I,18.6
MAT-2024-0108,STA 101,Introductory Statistics,17.2
MAT-2024-0108,BIO 101,General Biology I,21.0
MAT-2024-0108,GST 102,Nigerian Peoples and Culture,17.0
MAT-2024-0109,STA 101,Introductory Statistics,19.9
MAT-2024-0109,ENG 101,Engineering Mechanics,11.4
MAT-2024-0109,GST 102,Nigerian Peoples and Culture,20.0
MAT-2024-0109,MAT 102,General Mathematics II,15.7
MAT-2024-0109,PHY 102,Practical Physics I,11.1
MAT-2024-0109,BIO 101,General Biology I,8.5
MAT-2024-0109,CSC 101,Introduction to Computer Science,9.4
MAT-2024-0109,CSC 102,Introduction to Problem Solving,12.9
MAT-2024-0109,CHM 102,Practical Chemistry I,14.9
MAT-2024-0110,PHY 101,General Physics I,24.0
MAT-2024-0110,CSC 102,Introduction to Problem Solving,28.0
MAT-2024-0110,GST 101,Use of English,29.4
MAT-2024-0110,STA 101,Introductory Statistics,21.0
MAT-2024-0111,CSC 102,Introduction to Problem Solving,16.9
MAT-2024-0111,GST 102,Nigerian Peoples and Culture,15.7
MAT-2024-0112,GST 101,Use of English,21.2
MAT-2024-0112,MAT 102,General Mathematics II,17.7
MAT-2024-0112,BIO 101,General Biology I,19.7
MAT-2024-0113,CSC 102,Introduction to Problem Solving,13.1
MAT-2024-0113,PHY 102,Practical Physics I,10.0
MAT-2024-0113,GST 102,Nigerian Peoples and Culture,17.4
MAT-2024-0113,MAT 102,General Mathematics II,9.4
MAT-2024-0113,CHM 101,General Chemistry I,9.9
MAT-2024-0114,GST 101,Use of English,24.3
MAT-2024-0114,CHM 101,General Chemistry I,19.9
MAT-2024-0115,STA 101,Introductory Statistics,5.7
MAT-2024-0115,CSC 101,Introduction to Computer Science,13.3
MAT-2024-0115,CHM 101,General Chemistry I,2.2
MAT-2024-0115,MAT 101,General Mathematics I,14.1
MAT-2024-0116,CSC 101,Introduction to Computer Science,30.0
MAT-2024-0116,CHM 101,General Chemistry I,30.0
MAT-2024-0116,MAT 101,General Mathematics I,26.1
MAT-2024-0116,CHM 102,Practical Chemistry I,29.4
MAT-2024-0116,GST 102,Nigerian Peoples and Culture,30.0
MAT-2024-0116,CSC 102,Introduction to Problem Solving,23.4
MAT-2024-0116,STA 101,Introductory Statistics,21.9
MAT-2024-0116,PHY 101,General Physics I,20.9
MAT-2024-0116,GST 101,Use of English,20.5
MAT-2024-0117,MAT 101,General Mathematics I,8.9
MAT-2024-0117,PHY 102,Practical Physics I,20.5
MAT-2024-0118,BIO 101,General Biology I,20.4
MAT-2024-0118,MAT 102,General Mathematics II,17.4
MAT-2024-0118,CSC 102,Introduction to Problem Solving,15.4
MAT-2024-0118,STA 101,Introductory Statistics,22.4
MAT-2024-0118,CSC 101,Introduction to Computer Science,24.5
MAT-2024-0119,CHM 101,General Chemistry I,15.2
MAT-2024-0120,PHY 101,General Physics I,9.7
MAT-2024-0120,MAT 102,General Mathematics II,18.4
MAT-2024-0120,ENG 101,Engineering Mechanics,12.8
MAT-2024-0120,BIO 101,General Biology I,11.5
MAT-2024-0120,CSC 102,Introduction to Problem Solving,14.2
MAT-2024-0120,MAT 101,General Mathematics I,20.9
MAT-2024-0120,GST 102,Nigerian Peoples and Culture,13.4
MAT-2024-0120,CHM 102,Practical Chemistry I,17.3
MAT-2024-0121,CHM 101,General Chemistry I,10.7
MAT-2024-0121,PHY 101,General Physics I,12.2
MAT-2024-0121,GST 101,Use of English,7.7
MAT-2024-0121,CSC 102,Introduction to Problem Solving,10.6
MAT-2024-0121,GST 102,Nigerian Peoples and Culture,14.6
MAT-2024-0121,ENG 101,Engineering Mechanics,15.1
MAT-2024-0121,MAT 102,General Mathematics II,16.7
MAT-2024-0121,BIO 101,General Biology I,19.3
MAT-2024-0121,STA 101,Introductory Statistics,14.9
MAT-2024-0121,PHY 102,Practical Physics I,10.8
MAT-2024-0122,ENG 101,Engineering Mechanics,13.5
MAT-2024-0122,BIO 101,General Biology I,14.2
MAT-2024-0122,CSC 102,Introduction to Problem Solving,9.8
MAT-2024-0122,CHM 101,General Chemistry I,16.3
MAT-2024-0122,MAT 102,General Mathematics II,16.0
MAT-2024-0122,PHY 102,Practical Physics I,16.6
MAT-2024-0122,CHM 102,Practical Chemistry I,17.5
MAT-2024-0122,GST 102,Nigerian Peoples and Culture,12.6
MAT-2024-0122,MAT 101,General Mathematics I,16.9
MAT-2024-0123,CSC 102,Introduction to Problem Solving,9.2
MAT-2024-0123,PHY 101,General Physics I,16.5
MAT-2024-0123,GST 101,Use of English,21.0
MAT-2024-0123,CHM 102,Practical Chemistry I,15.2
MAT-2024-0123,CHM 101,General Chemistry I,19.4
MAT-2024-0123,MAT 102,General Mathematics II,20.9
MAT-2024-0123,BIO 101,General Biology I,17.8
MAT-2024-0123,ENG 101,Engineering Mechanics,19.8
MAT-2024-0123,STA 101,Introductory Statistics,15.3
MAT-2024-0123,MAT 101,General Mathematics I,18.3
MAT-2024-0124,MAT 101,General Mathematics I,12.8
MAT-2024-0124,ENG 101,Engineering Mechanics,22.3
MAT-2024-0124,BIO 101,General Biology I,15.6
MAT-2024-0125,BIO 101,General Biology I,19.0
MAT-2024-0125,CHM 101,General Chemistry I,22.5
MAT-2024-0125,MAT 101,General Mathematics I,18.0
MAT-2024-0125,GST 101,Use of English,29.3
MAT-2024-0125,CSC 102,Introduction to Problem Solving,9.2
MAT-2024-0125,GST 102,Nigerian Peoples and Culture,22.6
MAT-2024-0125,STA 101,Introductory Statistics,12.8
MAT-2024-0125,PHY 102,Practical Physics I,19.0
MAT-2024-0125,CHM 102,Practical Chemistry I,19.5
MAT-2024-0125,PHY 101,General Physics I,25.9
MAT-2024-0126,MAT 102,General Mathematics II,9.3
MAT-2024-0126,CHM 102,Practical Chemistry I,12.5
MAT-2024-0126,PHY 102,Practical Physics I,4.1
MAT-2024-0126,GST 101,Use of English,19.0
MAT-2024-0126,ENG 101,Engineering Mechanics,13.7
MAT-2024-0127,GST 102,Nigerian Peoples and Culture,14.9
MAT-2024-0127,GST 101,Use of English,15.1
MAT-2024-0128,CSC 101,Introduction to Computer Science,15.4
MAT-2024-0128,CHM 101,General Chemistry I,13.4
MAT-2024-0128,MAT 102,General Mathematics II,13.5
MAT-2024-0128,PHY 101,General Physics I,22.3
MAT-2024-0128,MAT 101,General Mathematics I,12.4
MAT-2024-0128,CHM 102,Practical Chemistry I,18.9
MAT-2024-0128,ENG 101,Engineering Mechanics,19.5
MAT-2024-0128,BIO 101,General Biology I,16.9
MAT-2024-0128,CSC 102,Introduction to Problem Solving,24.5
MAT-2024-0128,STA 101,Introductory Statistics,19.4
MAT-2024-0128,PHY 102,Practical Physics I,24.8
MAT-2024-0129,BIO 101,General Biology I,17.7
MAT-2024-0129,CSC 102,Introduction to Problem Solving,17.8
MAT-2024-0130,CSC 102,Introduction to Problem Solving,20.2
MAT-2024-0130,ENG 101,Engineering Mechanics,12.4
MAT-2024-0130,CHM 101,General Chemistry I,24.3
MAT-2024-0130,GST 102,Nigerian Peoples and Culture,15.7
MAT-2024-0130,PHY 102,Practical Physics I,8.5
MAT-2024-0131,BIO 101,General Biology I,20.2
MAT-2024-0131,PHY 101,General Physics I,17.4
MAT-2024-0131,PHY 102,Practical Physics I,6.9
MAT-2024-0131,MAT 101,General Mathematics I,21.1
MAT-2024-0131,ENG 101,Engineering Mechanics,17.4
MAT-2024-0131,STA 101,Introductory Statistics,10.7
MAT-2024-0131,CHM 101,General Chemistry I,16.7
MAT-2024-0131,CSC 101,Introduction to Computer Science,9.6
MAT-2024-0132,PHY 101,General Physics I,24.1
MAT-2024-0133,CHM 102,Practical Chemistry I,15.7
MAT-2024-0133,PHY 102,Practical Physics I,19.6
MAT-2024-0133,CSC 102,Introduction to Problem Solving,11.2
MAT-2024-0133,MAT 101,General Mathematics I,21.1
MAT-2024-0134,CHM 101,General Chemistry I,19.9
MAT-2024-0134,PHY 102,Practical Physics I,18.1
MAT-2024-0134,MAT 101,General Mathematics I,18.8
MAT-2024-0134,CSC 101,Introduction to Computer Science,22.3
MAT-2024-0134,BIO 101,General Biology I,11.0
MAT-2024-0134,GST 102,Nigerian Peoples and Culture,19.0
MAT-2024-0134,CSC 102,Introduction to Problem Solving,20.2
MAT-2024-0134,PHY 101,General Physics I,22.2
MAT-2024-0134,MAT 102,General Mathematics II,15.0
MAT-2024-0134,GST 101,Use of English,14.8
MAT-2024-0134,ENG 101,Engineering Mechanics,21.4
MAT-2024-0135,PHY 101,General Physics I,12.1
MAT-2024-0135,BIO 101,General Biology I,21.7
MAT-2024-0135,STA 101,Introductory Statistics,19.4
MAT-2024-0135,ENG 101,Engineering Mechanics,20.8
MAT-2024-0135,CHM 102,Practical Chemistry I,16.8
MAT-2024-0135,GST 102,Nigerian Peoples and Culture,12.0
MAT-2024-0135,CSC 102,Introduction to Problem Solving,19.1
MAT-2024-0135,MAT 101,General Mathematics I,13.5
MAT-2024-0136,STA 101,Introductory Statistics,14.5
MAT-2024-0136,ENG 101,Engineering Mechanics,27.4
MAT-2024-0136,BIO 101,General Biology I,19.5
MAT-2024-0137,CHM 102,Practical Chemistry I,12.9
MAT-2024-0137,ENG 101,Engineering Mechanics,8.6
MAT-2024-0137,GST 102,Nigerian Peoples and Culture,14.5
MAT-2024-0137,MAT 101,General Mathematics I,9.1
MAT-2024-0137,BIO 101,General Biology I,6.2
MAT-2024-0138,STA 101,Introductory Statistics,16.0
MAT-2024-0138,CHM 101,General Chemistry I,13.6
MAT-2024-0139,PHY 101,General Physics I,12.4
MAT-2024-0139,ENG 101,Engineering Mechanics,14.0
MAT-2024-0139,GST 102,Nigerian Peoples and Culture,20.4
MAT-2024-0139,MAT 101,General Mathematics I,13.9
MAT-2024-0139,CHM 102,Practical Chemistry I,14.1
MAT-2024-0139,BIO 101,General Biology I,11.5
MAT-2024-0140,MAT 101,General Mathematics I,23.0
MAT-2024-0140,GST 101,Use of English,22.7
MAT-2024-0140,GST 102,Nigerian Peoples and Culture,15.9
MAT-2024-0140,STA 101,Introductory Statistics,23.3
MAT-2024-0140,BIO 101,General Biology I,19.0
MAT-2024-0140,CHM 102,Practical Chemistry I,23.1
MAT-2024-0140,ENG 101,Engineering Mechanics,20.5
MAT-2024-0141,GST 101,Use of English,14.0
MAT-2024-0142,GST 102,Nigerian Peoples and Culture,0.3
MAT-2024-0142,CSC 101,Introduction to Computer Science,10.7
MAT-2024-0142,CHM 101,General Chemistry I,11.1
MAT-2024-0142,BIO 101,General Biology I,4.4
MAT-2024-0142,PHY 102,Practical Physics I,10.1
MAT-2024-0143,MAT 101,General Mathematics I,17.5
MAT-2024-0143,CHM 102,Practical Chemistry I,7.4
MAT-2024-0144,MAT 102,General Mathematics II,16.4
MAT-2024-0144,GST 101,Use of English,26.9
MAT-2024-0144,CSC 101,Introduction to Computer Science,22.7
MAT-2024-0144,CHM 101,General Chemistry I,24.7
MAT-2024-0144,GST 102,Nigerian Peoples and Culture,15.9
MAT-2024-0144,MAT 101,General Mathematics I,19.0
MAT-2024-0144,PHY 102,Practical Physics I,23.7
MAT-2024-0144,CSC 102,Introduction to Problem Solving,21.1
MAT-2024-0144,BIO 101,General Biology I,20.6
MAT-2024-0144,PHY 101,General Physics I,25.1
MAT-2024-0145,BIO 101,General Biology I,11.8
MAT-2024-0145,PHY 101,General Physics I,12.5
MAT-2024-0146,CSC 101,Introduction to Computer Science,15.6
MAT-2024-0146,BIO 101,General Biology I,24.7
MAT-2024-0146,CHM 101,General Chemistry I,17.7
MAT-2024-0146,GST 102,Nigerian Peoples and Culture,17.0
MAT-2024-0146,CHM 102,Practical Chemistry I,13.8
MAT-2024-0146,ENG 101,Engineering Mechanics,22.6
MAT-2024-0146,CSC 102,Introduction to Problem Solving,15.0
MAT-2024-0146,GST 101,Use of English,19.1
MAT-2024-0146,STA 101,Introductory Statistics,12.4
MAT-2024-0146,PHY 101,General Physics I,22.5
MAT-2024-0146,PHY 102,Practical Physics I,23.9
MAT-2024-0147,CSC 101,Introduction to Computer Science,14.1
MAT-2024-0147,ENG 101,Engineering Mechanics,7.5
MAT-2024-0147,GST 101,Use of English,13.4
MAT-2024-0147,PHY 102,Practical Physics I,11.5
MAT-2024-0147,GST 102,Nigerian Peoples and Culture,18.3
MAT-2024-0147,MAT 102,General Mathematics II,3.2
MAT-2024-0147,CSC 102,Introduction to Problem Solving,14.2
MAT-2024-0147,MAT 101,General Mathematics I,13.7
MAT-2024-0147,BIO 101,General Biology I,5.2
MAT-2024-0148,STA 101,Introductory Statistics,15.1
MAT-2024-0148,GST 102,Nigerian Peoples and Culture,15.1
MAT-2024-0148,CHM 101,General Chemistry I,14.2
MAT-2024-0148,MAT 101,General Mathematics I,15.2
MAT-2024-0148,CHM 102,Practical Chemistry I,23.5
MAT-2024-0148,CSC 102,Introduction to Problem Solving,11.6
MAT-2024-0148,ENG 101,Engineering Mechanics,12.5
MAT-2024-0149,PHY 102,Practical Physics I,21.1
MAT-2024-0149,CHM 102,Practical Chemistry I,14.8
MAT-2024-0149,BIO 101,General Biology I,15.6
MAT-2024-0149,CSC 101,Introduction to Computer Science,20.0
MAT-2024-0149,CSC 102,Introduction to Problem Solving,14.8
MAT-2024-0149,GST 102,Nigerian Peoples and Culture,18.8
MAT-2024-0149,MAT 102,General Mathematics II,18.4
MAT-2024-0149,ENG 101,Engineering Mechanics,17.7
MAT-2024-0149,CHM 101,General Chemistry I,12.6
MAT-2024-0149,GST 101,Use of English,22.0
MAT-2024-0150,STA 101,Introductory Statistics,16.4
MAT-2024-0150,GST 101,Use of English,18.6
MAT-2024-0150,CSC 102,Introduction to Problem Solving,14.6
MAT-2024-0150,PHY 102,Practical Physics I,20.9
MAT-2024-0150,ENG 101,Engineering Mechanics,22.3
MAT-2024-0150,CHM 102,Practical Chemistry I,22.4
MAT-2024-0150,GST 102,Nigerian Peoples and Culture,9.2
MAT-2024-0150,BIO 101,General Biology I,15.6
MAT-2024-0151,STA 101,Introductory Statistics,13.8
MAT-2024-0152,CSC 102,Introduction to Problem Solving,13.9
MAT-2024-0152,ENG 101,Engineering Mechanics,20.6
MAT-2024-0152,MAT 102,General Mathematics II,20.7
MAT-2024-0152,CSC 101,Introduction to Computer Science,19.7
MAT-2024-0152,BIO 101,General Biology I,23.1
MAT-2024-0152,MAT 101,General Mathematics I,14.9
MAT-2024-0152,PHY 101,General Physics I,18.9
MAT-2024-0152,CHM 101,General Chemistry I,22.5
MAT-2024-0153,STA 101,Introductory Statistics,27.6
MAT-2024-0153,PHY 101,General Physics I,19.7
MAT-2024-0153,BIO 101,General Biology I,24.8
MAT-2024-0153,CSC 102,Introduction to Problem Solving,23.3
MAT-2024-0153,GST 102,Nigerian Peoples and Culture,22.2
MAT-2024-0153,CHM 102,Practical Chemistry I,22.7
MAT-2024-0153,MAT 101,General Mathematics I,20.6
MAT-2024-0153,MAT 102,General Mathematics II,21.1
MAT-2024-0153,PHY 102,Practical Physics I,18.8
MAT-2024-0153,GST 101,Use of English,21.2
MAT-2024-0154,CSC 101,Introduction to Computer Science,9.2
MAT-2024-0154,PHY 101,General Physics I,13.3
MAT-2024-0154,BIO 101,General Biology I,7.1
MAT-2024-0154,CHM 101,General Chemistry I,9.7
MAT-2024-0154,STA 101,Introductory Statistics,5.7
MAT-2024-0154,ENG 101,Engineering Mechanics,16.0
MAT-2024-0154,GST 102,Nigerian Peoples and Culture,11.2
MAT-2024-0154,MAT 101,General Mathematics I,12.3
MAT-2024-0154,MAT 102,General Mathematics II,16.0
MAT-2024-0154,GST 101,Use of English,9.5
MAT-2024-0154,CSC 102,Introduction to Problem Solving,11.1
MAT-2024-0155,CSC 102,Introduction to Problem Solving,2.3
MAT-2024-0155,BIO 101,General Biology I,12.2
MAT-2024-0155,GST 102,Nigerian Peoples and Culture,12.5
MAT-2024-0155,MAT 101,General Mathematics I,13.5
MAT-2024-0155,PHY 101,General Physics I,18.5
MAT-2024-0155,GST 101,Use of English,13.7
MAT-2024-0155,STA 101,Introductory Statistics,14.4
MAT-2024-0155,ENG 101,Engineering Mechanics,17.7
MAT-2024-0155,CSC 101,Introduction to Computer Science,13.5
MAT-2024-0155,CHM 102,Practical Chemistry I,22.0
MAT-2024-0155,CHM 101,General Chemistry I,8.4
MAT-2024-0156,ENG 101,Engineering Mechanics,18.6
MAT-2024-0156,PHY 101,General Physics I,20.8
MAT-2024-0157,CSC 102,Introduction to Problem Solving,18.6
MAT-2024-0157,PHY 101,General Physics I,13.5
MAT-2024-0157,BIO 101,General Biology I,9.9
MAT-2024-0157,CSC 101,Introduction to Computer Science,17.0
MAT-2024-0157,CHM 101,General Chemistry I,8.8
MAT-2024-0157,MAT 101,General Mathematics I,21.1
MAT-2024-0157,CHM 102,Practical Chemistry I,17.5
MAT-2024-0157,PHY 102,Practical Physics I,13.8
MAT-2024-0157,ENG 101,Engineering Mechanics,19.6
MAT-2024-0157,STA 101,Introductory Statistics,16.1
MAT-2024-0157,MAT 102,General Mathematics II,20.9
MAT-2024-0158,ENG 101,Engineering Mechanics,16.5
MAT-2024-0158,CSC 101,Introduction to Computer Science,19.9
MAT-2024-0158,GST 101,Use of English,10.3
MAT-2024-0158,GST 102,Nigerian Peoples and Culture,16.5
MAT-2024-0158,MAT 102,General Mathematics II,11.5
MAT-2024-0158,CSC 102,Introduction to Problem Solving,10.0
MAT-2024-0159,CSC 101,Introduction to Computer Science,11.1
MAT-2024-0159,PHY 101,General Physics I,2.0
MAT-2024-0159,PHY 102,Practical Physics I,6.5
MAT-2024-0160,PHY 102,Practical Physics I,13.2
MAT-2024-0160,CHM 102,Practical Chemistry I,23.5
MAT-2024-0160,GST 101,Use of English,11.2
MAT-2024-0160,BIO 101,General Biology I,14.6
MAT-2024-0160,CSC 101,Introduction to Computer Science,20.8
MAT-2024-0160,CSC 102,Introduction to Problem Solving,17.3
MAT-2024-0160,MAT 102,General Mathematics II,19.3
MAT-2024-0161,CHM 101,General Chemistry I,23.3
MAT-2024-0161,BIO 101,General Biology I,16.0
MAT-2024-0161,MAT 102,General Mathematics II,8.9
MAT-2024-0161,MAT 101,General Mathematics I,16.8
MAT-2024-0161,CSC 102,Introduction to Problem Solving,22.1
MAT-2024-0161,CHM 102,Practical Chemistry I,20.6
MAT-2024-0161,STA 101,Introductory Statistics,20.1
MAT-2024-0161,GST 102,Nigerian Peoples and Culture,17.3
MAT-2024-0161,PHY 101,General Physics I,13.3
MAT-2024-0161,PHY 102,Practical Physics I,20.5
MAT-2024-0161,ENG 101,Engineering Mechanics,15.1
MAT-2024-0162,PHY 102,Practical Physics I,13.7
MAT-2024-0162,CHM 101,General Chemistry I,16.0
MAT-2024-0162,CHM 102,Practical Chemistry I,10.4
MAT-2024-0162,ENG 101,Engineering Mechanics,16.1
MAT-2024-0162,CSC 102,Introduction to Problem Solving,15.1
MAT-2024-0162,BIO 101,General Biology I,9.9
MAT-2024-0163,GST 101,Use of English,10.4
MAT-2024-0163,ENG 101,Engineering Mechanics,21.3
MAT-2024-0163,BIO 101,General Biology I,10.0
MAT-2024-0163,PHY 101,General Physics I,18.4
MAT-2024-0163,MAT 102,General Mathematics II,10.0
MAT-2024-0164,PHY 102,Practical Physics I,21.7
MAT-2024-0164,STA 101,Introductory Statistics,27.2
MAT-2024-0164,MAT 102,General Mathematics II,19.3
MAT-2024-0164,CHM 101,General Chemistry I,16.8
MAT-2024-0164,CHM 102,Practical Chemistry I,24.2
MAT-2024-0164,MAT 101,General Mathematics I,21.5
MAT-2024-0164,ENG 101,Engineering Mechanics,25.3
MAT-2024-0165,ENG 101,Engineering Mechanics,14.6
MAT-2024-0165,CHM 101,General Chemistry I,22.3
MAT-2024-0165,MAT 101,General Mathematics I,24.8
MAT-2024-0165,PHY 102,Practical Physics I,19.4
MAT-2024-0165,CHM 102,Practical Chemistry I,23.9
MAT-2024-0165,BIO 101,General Biology I,30.0
MAT-2024-0165,MAT 102,General Mathematics II,20.6
MAT-2024-0165,CSC 101,Introduction to Computer Science,22.6
MAT-2024-0165,PHY 101,General Physics I,18.1
MAT-2024-0165,STA 101,Introductory Statistics,21.8
MAT-2024-0165,GST 102,Nigerian Peoples and Culture,22.9
MAT-2024-0166,GST 101,Use of English,14.3
MAT-2024-0166,PHY 102,Practical Physics I,19.5
MAT-2024-0166,CHM 101,General Chemistry I,25.4
MAT-2024-0166,CSC 101,Introduction to Computer Science,20.0
MAT-2024-0166,PHY 101,General Physics I,22.4
MAT-2024-0166,MAT 101,General Mathematics I,22.5
MAT-2024-0166,CSC 102,Introduction to Problem Solving,14.7
MAT-2024-0166,MAT 102,General Mathematics II,17.2
MAT-2024-0166,BIO 101,General Biology I,20.8
MAT-2024-0166,ENG 101,Engineering Mechanics,18.5
MAT-2024-0166,STA 101,Introductory Statistics,27.6
MAT-2024-0167,PHY 101,General Physics I,23.2
MAT-2024-0167,CHM 101,General Chemistry I,21.3
MAT-2024-0167,STA 101,Introductory Statistics,17.5
MAT-2024-0168,CSC 101,Introduction to Computer Science,30.0
MAT-2024-0168,GST 101,Use of English,27.2
MAT-2024-0168,MAT 102,General Mathematics II,26.5
MAT-2024-0168,GST 102,Nigerian Peoples and Culture,17.5
MAT-2024-0168,STA 101,Introductory Statistics,24.5
MAT-2024-0168,CHM 101,General Chemistry I,23.7
MAT-2024-0168,ENG 101,Engineering Mechanics,25.2
MAT-2024-0169,CHM 101,General Chemistry I,22.1
MAT-2024-0169,BIO 101,General Biology I,17.3
MAT-2024-0169,MAT 102,General Mathematics II,20.2
MAT-2024-0170,MAT 102,General Mathematics II,10.6
MAT-2024-0170,PHY 101,General Physics I,16.5
MAT-2024-0170,BIO 101,General Biology I,18.3
MAT-2024-0170,CSC 102,Introduction to Problem Solving,16.0
MAT-2024-0170,CSC 101,Introduction to Computer Science,15.5
MAT-2024-0170,GST 101,Use of English,13.4
MAT-2024-0171,CSC 102,Introduction to Problem Solving,12.5
MAT-2024-0171,CHM 102,Practical Chemistry I,12.7
MAT-2024-0171,ENG 101,Engineering Mechanics,20.2
MAT-2024-0171,GST 102,Nigerian Peoples and Culture,26.6
MAT-2024-0171,STA 101,Introductory Statistics,15.9
MAT-2024-0171,PHY 101,General Physics I,10.2
MAT-2024-0171,MAT 102,General Mathematics II,24.5
MAT-2024-0171,GST 101,Use of English,23.2
MAT-2024-0171,MAT 101,General Mathematics I,17.8
MAT-2024-0171,CSC 101,Introduction to Computer Science,18.3
MAT-2024-0171,PHY 102,Practical Physics I,18.3
MAT-2024-0172,BIO 101,General Biology I,15.2
MAT-2024-0172,STA 101,Introductory Statistics,21.3
MAT-2024-0173,CSC 102,Introduction to Problem Solving,27.5
MAT-2024-0173,CHM 102,Practical Chemistry I,20.3
MAT-2024-0173,CHM 101,General Chemistry I,27.5
MAT-2024-0173,PHY 102,Practical Physics I,21.4
MAT-2024-0173,ENG 101,Engineering Mechanics,14.4
MAT-2024-0173,STA 101,Introductory Statistics,25.3
MAT-2024-0173,MAT 101,General Mathematics I,19.4
MAT-2024-0173,BIO 101,General Biology I,24.5
MAT-2024-0173,PHY 101,General Physics I,21.8
MAT-2024-0173,GST 101,Use of English,15.5
MAT-2024-0173,GST 102,Nigerian Peoples and Culture,22.4
MAT-2024-0174,GST 102,Nigerian Peoples and Culture,22.7
MAT-2024-0174,STA 101,Introductory Statistics,21.2
MAT-2024-0174,PHY 102,Practical Physics I,22.1
MAT-2024-0174,GST 101,Use of English,17.9
MAT-2024-0174,PHY 101,General Physics I,17.8
MAT-2024-0174,BIO 101,General Biology I,17.8
MAT-2024-0174,CSC 102,Introduction to Problem Solving,16.9
MAT-2024-0174,CSC 101,Introduction to Computer Science,17.8
MAT-2024-0174,CHM 102,Practical Chemistry I,17.8
MAT-2024-0174,MAT 101,General Mathematics I,18.2
MAT-2024-0175,MAT 101,General Mathematics I,9.7
MAT-2024-0175,MAT 102,General Mathematics II,15.4
MAT-2024-0175,CHM 101,General Chemistry I,4.5
MAT-2024-0176,PHY 101,General Physics I,14.2
MAT-2024-0176,MAT 102,General Mathematics II,14.8
MAT-2024-0176,GST 101,Use of English,7.1
MAT-2024-0176,GST 102,Nigerian Peoples and Culture,9.7
MAT-2024-0176,CSC 101,Introduction to Computer Science,10.1
MAT-2024-0176,ENG 101,Engineering Mechanics,11.5
MAT-2024-0176,CHM 102,Practical Chemistry I,16.5
MAT-2024-0176,PHY 102,Practical Physics I,16.7
MAT-2024-0177,CSC 102,Introduction to Problem Solving,23.0
MAT-2024-0177,MAT 102,General Mathematics II,17.3
MAT-2024-0177,GST 102,Nigerian Peoples and Culture,25.6
MAT-2024-0177,ENG 101,Engineering Mechanics,26.9
MAT-2024-0177,CSC 101,Introduction to Computer Science,24.9
MAT-2024-0177,PHY 102,Practical Physics I,22.7
MAT-2024-0177,STA 101,Introductory Statistics,26.4
MAT-2024-0177,MAT 101,General Mathematics I,26.7
MAT-2024-0177,GST 101,Use of English,25.2
MAT-2024-0177,CHM 101,General Chemistry I,20.7
MAT-2024-0177,PHY 101,General Physics I,25.1
MAT-2024-0178,CSC 102,Introduction to Problem Solving,5.8
MAT-2024-0179,GST 101,Use of English,20.5
MAT-2024-0179,BIO 101,General Biology I,20.0
MAT-2024-0179,CSC 102,Introduction to Problem Solving,18.1
MAT-2024-0179,MAT 102,General Mathematics II,20.5
MAT-2024-0179,STA 101,Introductory Statistics,12.7
MAT-2024-0179,PHY 101,General Physics I,17.6
MAT-2024-0180,STA 101,Introductory Statistics,15.7
MAT-2024-0180,GST 102,Nigerian Peoples and Culture,23.0
MAT-2024-0180,CHM 102,Practical Chemistry I,18.5
MAT-2024-0180,MAT 102,General Mathematics II,18.6
MAT-2024-0180,MAT 101,General Mathematics I,25.5
MAT-2024-0180,ENG 101,Engineering Mechanics,14.3
MAT-2024-0180,CSC 101,Introduction to Computer Science,19.5
MAT-2024-0180,PHY 101,General Physics I,17.9
MAT-2024-0180,CSC 102,Introduction to Problem Solving,20.7
MAT-2024-0180,GST 101,Use of English,26.3
MAT-2024-0180,CHM 101,General Chemistry I,16.2
MAT-2024-0181,GST 101,Use of English,14.8
MAT-2024-0181,CHM 102,Practical Chemistry I,15.1
MAT-2024-0181,CSC 102,Introduction to Problem Solving,21.2
MAT-2024-0181,PHY 102,Practical Physics I,21.6
MAT-2024-0181,MAT 101,General Mathematics I,10.4
MAT-2024-0181,GST 102,Nigerian Peoples and Culture,20.2
MAT-2024-0181,ENG 101,Engineering Mechanics,22.8
MAT-2024-0181,CSC 101,Introduction to Computer Science,23.4
MAT-2024-0181,PHY 101,General Physics I,19.3
MAT-2024-0181,CHM 101,General Chemistry I,13.0
MAT-2024-0181,STA 101,Introductory Statistics,19.7
MAT-2024-0182,PHY 101,General Physics I,15.3
MAT-2024-0182,GST 102,Nigerian Peoples and Culture,19.1
MAT-2024-0182,GST 101,Use of English,14.1
MAT-2024-0182,PHY 102,Practical Physics I,13.8
MAT-2024-0183,GST 101,Use of English,8.9
MAT-2024-0183,STA 101,Introductory Statistics,7.4
MAT-2024-0183,CSC 101,Introduction to Computer Science,6.4
MAT-2024-0183,PHY 102,Practical Physics I,14.4
MAT-2024-0184,CHM 101,General Chemistry I,22.5
MAT-2024-0185,CSC 101,Introduction to Computer Science,26.2
MAT-2024-0185,GST 102,Nigerian Peoples and Culture,17.0
MAT-2024-0185,CHM 101,General Chemistry I,24.5
MAT-2024-0186,PHY 101,General Physics I,10.9
MAT-2024-0186,CHM 102,Practical Chemistry I,19.1
MAT-2024-0186,MAT 101,General Mathematics I,12.3
MAT-2024-0187,MAT 101,General Mathematics I,16.9
MAT-2024-0187,STA 101,Introductory Statistics,16.9
MAT-2024-0187,GST 101,Use of English,16.3
MAT-2024-0188,STA 101,Introductory Statistics,24.8
MAT-2024-0188,MAT 101,General Mathematics I,19.3
MAT-2024-0188,CSC 101,Introduction to Computer Science,16.8
MAT-2024-0188,CHM 101,General Chemistry I,18.7
MAT-2024-0188,CSC 102,Introduction to Problem Solving,21.9
MAT-2024-0188,CHM 102,Practical Chemistry I,23.3
MAT-2024-0188,MAT 102,General Mathematics II,12.4
MAT-2024-0188,GST 101,Use of English,21.1
MAT-2024-0188,PHY 102,Practical Physics I,21.8
MAT-2024-0188,GST 102,Nigerian Peoples and Culture,20.0
MAT-2024-0189,BIO 101,General Biology I,18.5
MAT-2024-0189,MAT 102,General Mathematics II,17.7
MAT-2024-0190,GST 102,Nigerian Peoples and Culture,14.3
MAT-2024-0190,PHY 102,Practical Physics I,12.9
MAT-2024-0190,PHY 101,General Physics I,14.6
MAT-2024-0190,BIO 101,General Biology I,15.1
MAT-2024-0190,MAT 102,General Mathematics II,16.2
MAT-2024-0190,GST 101,Use of English,2.4
MAT-2024-0191,MAT 101,General Mathematics I,13.8
MAT-2024-0191,CSC 102,Introduction to Problem Solving,14.2
MAT-2024-0191,CHM 102,Practical Chemistry I,19.0
MAT-2024-0191,GST 102,Nigerian Peoples and Culture,15.4
MAT-2024-0191,CHM 101,General Chemistry I,13.5
MAT-2024-0191,BIO 101,General Biology I,22.7
MAT-2024-0191,STA 101,Introductory Statistics,12.7
MAT-2024-0191,MAT 102,General Mathematics II,16.2
MAT-2024-0191,ENG 101,Engineering Mechanics,18.7
MAT-2024-0191,GST 101,Use of English,9.6
MAT-2024-0192,ENG 101,Engineering Mechanics,12.4
MAT-2024-0192,CHM 102,Practical Chemistry I,9.2
MAT-2024-0192,PHY 101,General Physics I,17.7
MAT-2024-0192,BIO 101,General Biology I,12.3
MAT-2024-0192,PHY 102,Practical Physics I,17.7
MAT-2024-0192,CSC 102,Introduction to Problem Solving,14.7
MAT-2024-0192,MAT 101,General Mathematics I,9.9
MAT-2024-0193,PHY 102,Practical Physics I,15.9
MAT-2024-0193,CSC 101,Introduction to Computer Science,17.8
MAT-2024-0193,PHY 101,General Physics I,19.1
MAT-2024-0193,CSC 102,Introduction to Problem Solving,8.8
MAT-2024-0193,CHM 101,General Chemistry I,25.4
MAT-2024-0193,STA 101,Introductory Statistics,13.8
MAT-2024-0194,PHY 102,Practical Physics I,15.4
MAT-2024-0194,GST 102,Nigerian Peoples and Culture,13.5
MAT-2024-0194,CHM 101,General Chemistry I,7.7
MAT-2024-0194,BIO 101,General Biology I,7.1
MAT-2024-0194,CSC 102,Introduction to Problem Solving,11.7
MAT-2024-0194,ENG 101,Engineering Mechanics,12.0
MAT-2024-0194,MAT 101,General Mathematics I,10.9
MAT-2024-0195,CHM 102,Practical Chemistry I,21.2
MAT-2024-0195,MAT 102,General Mathematics II,24.1
MAT-2024-0196,CSC 102,Introduction to Problem Solving,21.3
MAT-2024-0196,GST 101,Use of English,18.0
MAT-2024-0196,ENG 101,Engineering Mechanics,18.9
MAT-2024-0196,BIO 101,General Biology I,24.0
MAT-2024-0196,MAT 102,General Mathematics II,15.0
MAT-2024-0196,CHM 102,Practical Chemistry I,15.0
MAT-2024-0196,CSC 101,Introduction to Computer Science,16.1
MAT-2024-0196,GST 102,Nigerian Peoples and Culture,19.8
MAT-2024-0196,STA 101,Introductory Statistics,14.4
MAT-2024-0197,CSC 102,Introduction to Problem Solving,11.4
MAT-2024-0197,PHY 101,General Physics I,19.4
MAT-2024-0197,STA 101,Introductory Statistics,15.9
MAT-2024-0197,ENG 101,Engineering Mechanics,9.8
MAT-2024-0197,CHM 102,Practical Chemistry I,18.0
MAT-2024-0197,CHM 101,General Chemistry I,20.7
MAT-2024-0197,CSC 101,Introduction to Computer Science,21.8
MAT-2024-0198,CHM 102,Practical Chemistry I,17.6
MAT-2024-0198,BIO 101,General Biology I,9.4
MAT-2024-0198,PHY 101,General Physics I,6.2
MAT-2024-0199,PHY 101,General Physics I,27.4
MAT-2024-0199,MAT 102,General Mathematics II,22.5
MAT-2024-0200,PHY 101,General Physics I,12.4
MAT-2024-0200,CSC 102,Introduction to Problem Solving,17.7
MAT-2024-0200,STA 101,Introductory Statistics,18.3
MAT-2024-0200,CSC 101,Introduction to Computer Science,13.9
MAT-2024-0200,GST 102,Nigerian Peoples and Culture,12.7
MAT-2024-0200,MAT 101,General Mathematics I,22.2
MAT-2024-0200,CHM 101,General Chemistry I,16.7
MAT-2024-0201,GST 102,Nigerian Peoples and Culture,8.7
MAT-2024-0201,STA 101,Introductory Statistics,7.1
MAT-2024-0201,CHM 102,Practical Chemistry I,0.0
MAT-2024-0201,PHY 101,General Physics I,16.5
MAT-2024-0201,ENG 101,Engineering Mechanics,9.5
MAT-2024-0201,CSC 102,Introduction to Problem Solving,8.8
MAT-2024-0201,MAT 102,General Mathematics II,10.8
MAT-2024-0201,BIO 101,General Biology I,9.2
MAT-2024-0201,GST 101,Use of English,7.8
MAT-2024-0202,CHM 101,General Chemistry I,24.5
MAT-2024-0203,CHM 101,General Chemistry I,12.2
MAT-2024-0203,STA 101,Introductory Statistics,15.9
MAT-2024-0203,PHY 101,General Physics I,19.8
MAT-2024-0203,PHY 102,Practical Physics I,12.2
MAT-2024-0203,GST 102,Nigerian Peoples and Culture,19.6
MAT-2024-0203,GST 101,Use of English,10.8
MAT-2024-0203,CHM 102,Practical Chemistry I,11.9
MAT-2024-0203,CSC 102,Introduction to Problem Solving,21.4
MAT-2024-0203,BIO 101,General Biology I,15.8
MAT-2024-0203,ENG 101,Engineering Mechanics,14.9
MAT-2024-0204,STA 101,Introductory Statistics,3.5
MAT-2024-0204,GST 102,Nigerian Peoples and Culture,14.4
MAT-2024-0205,PHY 101,General Physics I,12.9
MAT-2024-0205,CHM 101,General Chemistry I,15.9
MAT-2024-0205,PHY 102,Practical Physics I,15.7
MAT-2024-0205,GST 101,Use of English,12.2
MAT-2024-0205,ENG 101,Engineering Mechanics,14.2
MAT-2024-0205,MAT 101,General Mathematics I,17.4
MAT-2024-0206,CHM 102,Practical Chemistry I,9.3
MAT-2024-0206,CSC 102,Introduction to Problem Solving,19.4
MAT-2024-0206,CHM 101,General Chemistry I,23.9
MAT-2024-0206,MAT 101,General Mathematics I,12.2
MAT-2024-0206,CSC 101,Introduction to Computer Science,19.6
MAT-2024-0206,MAT 102,General Mathematics II,12.4
MAT-2024-0206,STA 101,Introductory Statistics,16.3
MAT-2024-0206,GST 102,Nigerian Peoples and Culture,21.8
MAT-2024-0206,ENG 101,Engineering Mechanics,13.6
MAT-2024-0206,BIO 101,General Biology I,15.7
MAT-2024-0207,CSC 101,Introduction to Computer Science,22.5
MAT-2024-0208,PHY 102,Practical Physics I,10.3
MAT-2024-0208,CHM 102,Practical Chemistry I,5.7
MAT-2024-0208,ENG 101,Engineering Mechanics,13.8
MAT-2024-0209,CSC 101,Introduction to Computer Science,16.6
MAT-2024-0209,CSC 102,Introduction to Problem Solving,21.4
MAT-2024-0210,MAT 101,General Mathematics I,3.9
MAT-2024-0210,PHY 101,General Physics I,11.5
MAT-2024-0210,GST 102,Nigerian Peoples and Culture,16.0
MAT-2024-0210,GST 101,Use of English,12.7
MAT-2024-0210,ENG 101,Engineering Mechanics,7.7
MAT-2024-0210,CHM 102,Practical Chemistry I,12.8
MAT-2024-0210,PHY 102,Practical Physics I,14.1
MAT-2024-0210,CSC 101,Introduction to Computer Science,12.7
MAT-2024-0210,CSC 102,Introduction to Problem Solving,11.3
MAT-2024-0210,STA 101,Introductory Statistics,14.3
MAT-2024-0210,CHM 101,General Chemistry I,5.4
MAT-2024-0211,MAT 102,General Mathematics II,9.4
MAT-2024-0211,PHY 102,Practical Physics I,9.3
MAT-2024-0211,CSC 102,Introduction to Problem Solving,12.2
MAT-2024-0211,PHY 101,General Physics I,15.5
MAT-2024-0211,MAT 101,General Mathematics I,18.0
MAT-2024-0211,CSC 101,Introduction to Computer Science,12.4
MAT-2024-0212,MAT 102,General Mathematics II,5.0
MAT-2024-0212,PHY 102,Practical Physics I,3.6
MAT-2024-0212,MAT 101,General Mathematics I,9.3
MAT-2024-0213,PHY 101,General Physics I,12.1
MAT-2024-0213,CHM 101,General Chemistry I,20.0
MAT-2024-0213,BIO 101,General Biology I,13.1
MAT-2024-0213,ENG 101,Engineering Mechanics,10.9
MAT-2024-0213,CHM 102,Practical Chemistry I,18.2
MAT-2024-0213,GST 102,Nigerian Peoples and Culture,12.4
MAT-2024-0213,GST 101,Use of English,14.6
MAT-2024-0213,CSC 101,Introduction to Computer Science,25.5
MAT-2024-0213,MAT 102,General Mathematics II,19.2
MAT-2024-0213,MAT 101,General Mathematics I,15.2
MAT-2024-0213,CSC 102,Introduction to Problem Solving,15.5
MAT-2024-0214,PHY 101,General Physics I,25.6
MAT-2024-0214,CHM 101,General Chemistry I,18.5
MAT-2024-0214,CHM 102,Practical Chemistry I,17.6
MAT-2024-0214,PHY 102,Practical Physics I,14.8
MAT-2024-0214,BIO 101,General Biology I,30.0
MAT-2024-0214,CSC 102,Introduction to Problem Solving,14.2
MAT-2024-0214,MAT 101,General Mathematics I,16.8
MAT-2024-0215,ENG 101,Engineering Mechanics,7.7
MAT-2024-0215,PHY 102,Practical Physics I,11.8
MAT-2024-0215,MAT 101,General Mathematics I,4.9
MAT-2024-0215,CHM 102,Practical Chemistry I,7.6
MAT-2024-0216,CHM 101,General Chemistry I,14.1
MAT-2024-0216,GST 101,Use of English,16.3
MAT-2024-0216,CSC 101,Introduction to Computer Science,21.5
MAT-2024-0216,MAT 102,General Mathematics II,6.4
MAT-2024-0217,STA 101,Introductory Statistics,23.5
MAT-2024-0217,PHY 101,General Physics I,18.0
MAT-2024-0217,MAT 101,General Mathematics I,16.5
MAT-2024-0217,BIO 101,General Biology I,22.5
MAT-2024-0217,ENG 101,Engineering Mechanics,16.0
MAT-2024-0218,CSC 101,Introduction to Computer Science,5.5
MAT-2024-0218,ENG 101,Engineering Mechanics,8.9
MAT-2024-0218,GST 102,Nigerian Peoples and Culture,15.0
MAT-2024-0219,GST 102,Nigerian Peoples and Culture,14.6
MAT-2024-0219,MAT 102,General Mathematics II,15.7
MAT-2024-0219,CHM 102,Practical Chemistry I,15.6
MAT-2024-0219,STA 101,Introductory Statistics,14.5
MAT-2024-0220,ENG 101,Engineering Mechanics,14.1
MAT-2024-0220,CSC 102,Introduction to Problem Solving,5.2
MAT-2024-0221,ENG 101,Engineering Mechanics,12.2
MAT-2024-0222,BIO 101,General Biology I,4.3
MAT-2024-0223,STA 101,Introductory Statistics,12.8
MAT-2024-0223,PHY 102,Practical Physics I,11.0
MAT-2024-0224,PHY 102,Practical Physics I,21.5
MAT-2024-0224,ENG 101,Engineering Mechanics,17.1
MAT-2024-0224,CHM 102,Practical Chemistry I,25.1
MAT-2024-0224,CSC 102,Introduction to Problem Solving,21.6
MAT-2024-0224,CHM 101,General Chemistry I,16.2
MAT-2024-0224,PHY 101,General Physics I,16.1
MAT-2024-0224,GST 101,Use of English,23.1
MAT-2024-0225,STA 101,Introductory Statistics,18.2
MAT-2024-0226,MAT 102,General Mathematics II,17.7
MAT-2024-0226,PHY 102,Practical Physics I,17.2
MAT-2024-0226,BIO 101,General Biology I,22.8
MAT-2024-0227,PHY 101,General Physics I,13.5
MAT-2024-0227,ENG 101,Engineering Mechanics,18.1
MAT-2024-0227,MAT 102,General Mathematics II,16.0
MAT-2024-0227,GST 101,Use of English,9.8
MAT-2024-0227,CSC 102,Introduction to Problem Solving,25.0
MAT-2024-0227,GST 102,Nigerian Peoples and Culture,21.4
MAT-2024-0228,PHY 101,General Physics I,18.0
MAT-2024-0228,ENG 101,Engineering Mechanics,27.9
MAT-2024-0228,CHM 101,General Chemistry I,25.7
MAT-2024-0228,STA 101,Introductory Statistics,19.9
MAT-2024-0228,GST 101,Use of English,22.9
MAT-2024-0228,PHY 102,Practical Physics I,19.0
MAT-2024-0228,CSC 102,Introduction to Problem Solving,23.2
MAT-2024-0228,MAT 102,General Mathematics II,17.2
MAT-2024-0228,MAT 101,General Mathematics I,24.7
MAT-2024-0229,CHM 102,Practical Chemistry I,9.1
MAT-2024-0229,PHY 101,General Physics I,14.6
MAT-2024-0229,GST 102,Nigerian Peoples and Culture,12.3
MAT-2024-0229,MAT 102,General Mathematics II,15.5
MAT-2024-0229,GST 101,Use of English,12.7
MAT-2024-0229,STA 101,Introductory Statistics,7.2
MAT-2024-0229,CSC 101,Introduction to Computer Science,13.3
MAT-2024-0229,BIO 101,General Biology I,17.2
MAT-2024-0229,CSC 102,Introduction to Problem Solving,12.8
MAT-2024-0230,PHY 101,General Physics I,8.9
MAT-2024-0230,CSC 101,Introduction to Computer Science,9.7
MAT-2024-0230,CHM 101,General Chemistry I,7.3
MAT-2024-0230,GST 101,Use of English,3.6
MAT-2024-0231,PHY 102,Practical Physics I,19.0
MAT-2024-0231,CSC 101,Introduction to Computer Science,15.4
MAT-2024-0231,CHM 102,Practical Chemistry I,21.7
MAT-2024-0232,CSC 101,Introduction to Computer Science,14.7
MAT-2024-0232,CHM 102,Practical Chemistry I,19.7
MAT-2024-0233,BIO 101,General Biology I,15.9
MAT-2024-0233,PHY 102,Practical Physics I,25.4
MAT-2024-0233,CSC 102,Introduction to Problem Solving,19.4
MAT-2024-0233,MAT 102,General Mathematics II,11.2
MAT-2024-0233,STA 101,Introductory Statistics,18.8
MAT-2024-0233,GST 102,Nigerian Peoples and Culture,11.2
MAT-2024-0233,PHY 101,General Physics I,3.2
MAT-2024-0233,GST 101,Use of English,14.7
MAT-2024-0234,BIO 101,General Biology I,14.9
MAT-2024-0234,MAT 102,General Mathematics II,19.5
MAT-2024-0235,CHM 101,General Chemistry I,14.6
MAT-2024-0235,MAT 102,General Mathematics II,16.5
MAT-2024-0235,PHY 102,Practical Physics I,15.8
MAT-2024-0235,MAT 101,General Mathematics I,14.7
MAT-2024-0235,STA 101,Introductory Statistics,15.5
MAT-2024-0235,PHY 101,General Physics I,17.4
MAT-2024-0235,CSC 101,Introduction to Computer Science,17.7
MAT-2024-0235,GST 101,Use of English,15.9
MAT-2024-0235,GST 102,Nigerian Peoples and Culture,18.2
MAT-2024-0235,CHM 102,Practical Chemistry I,14.0
MAT-2024-0235,CSC 102,Introduction to Problem Solving,24.6
MAT-2024-0236,CHM 101,General Chemistry I,17.2
MAT-2024-0236,PHY 101,General Physics I,19.6
MAT-2024-0236,CHM 102,Practical Chemistry I,16.9
MAT-2024-0236,CSC 102,Introduction to Problem Solving,20.6
MAT-2024-0236,GST 102,Nigerian Peoples and Culture,15.6
MAT-2024-0236,ENG 101,Engineering Mechanics,18.4
MAT-2024-0237,PHY 102,Practical Physics I,21.2
MAT-2024-0237,GST 102,Nigerian Peoples and Culture,18.2
MAT-2024-0237,MAT 101,General Mathematics I,18.1
MAT-2024-0237,BIO 101,General Biology I,9.2
MAT-2024-0237,GST 101,Use of English,19.8
MAT-2024-0237,STA 101,Introductory Statistics,17.3
MAT-2024-0237,CHM 101,General Chemistry I,19.3
MAT-2024-0237,CSC 102,Introduction to Problem Solving,17.8
MAT-2024-0238,CSC 101,Introduction to Computer Science,17.5
MAT-2024-0238,MAT 101,General Mathematics I,28.3
MAT-2024-0238,BIO 101,General Biology I,14.2
MAT-2024-0238,PHY 101,General Physics I,30.0
MAT-2024-0238,STA 101,Introductory Statistics,18.8
MAT-2024-0238,PHY 102,Practical Physics I,21.1
MAT-2024-0238,CHM 101,General Chemistry I,18.1
MAT-2024-0238,GST 102,Nigerian Peoples and Culture,17.9
MAT-2024-0238,CHM 102,Practical Chemistry I,17.3
MAT-2024-0239,GST 101,Use of English,17.8
MAT-2024-0240,BIO 101,General Biology I,21.5
MAT-2024-0240,GST 102,Nigerian Peoples and Culture,8.5
MAT-2024-0240,CSC 102,Introduction to Problem Solving,14.7
MAT-2024-0240,PHY 102,Practical Physics I,11.9
MAT-2024-0240,CSC 101,Introduction to Computer Science,22.6
MAT-2024-0240,STA 101,Introductory Statistics,17.7
MAT-2024-0240,CHM 102,Practical Chemistry I,12.7
MAT-2024-0240,ENG 101,Engineering Mechanics,14.2
MAT-2024-0241,ENG 101,Engineering Mechanics,5.1
MAT-2024-0241,STA 101,Introductory Statistics,0.9
MAT-2024-0241,CHM 102,Practical Chemistry I,9.3
MAT-2024-0241,PHY 102,Practical Physics I,11.8
MAT-2024-0241,MAT 101,General Mathematics I,10.3
MAT-2024-0241,CSC 102,Introduction to Problem Solving,4.9
MAT-2024-0241,GST 102,Nigerian Peoples and Culture,6.2
MAT-2024-0242,PHY 101,General Physics I,15.0
MAT-2024-0242,GST 102,Nigerian Peoples and Culture,15.6
MAT-2024-0242,CHM 102,Practical Chemistry I,10.5
MAT-2024-0242,ENG 101,Engineering Mechanics,19.2
MAT-2024-0242,CHM 101,General Chemistry I,10.2
MAT-2024-0242,CSC 102,Introduction to Problem Solving,7.7
MAT-2024-0243,PHY 102,Practical Physics I,17.5
MAT-2024-0243,CSC 101,Introduction to Computer Science,28.1
MAT-2024-0243,STA 101,Introductory Statistics,24.0
MAT-2024-0243,PHY 101,General Physics I,28.2
MAT-2024-0243,CSC 102,Introduction to Problem Solving,23.5
MAT-2024-0243,CHM 102,Practical Chemistry I,13.7
MAT-2024-0243,GST 102,Nigerian Peoples and Culture,23.2
MAT-2024-0243,BIO 101,General Biology I,28.1
MAT-2024-0243,GST 101,Use of English,20.2
MAT-2024-0243,MAT 102,General Mathematics II,22.3
MAT-2024-0243,ENG 101,Engineering Mechanics,23.1
MAT-2024-0244,CHM 101,General Chemistry I,21.1
MAT-2024-0244,GST 102,Nigerian Peoples and Culture,17.7
MAT-2024-0245,CHM 102,Practical Chemistry I,26.8
MAT-2024-0245,STA 101,Introductory Statistics,22.6
MAT-2024-0245,CSC 101,Introduction to Computer Science,23.2
MAT-2024-0245,GST 102,Nigerian Peoples and Culture,22.8
MAT-2024-0245,PHY 101,General Physics I,22.4
MAT-2024-0245,ENG 101,Engineering Mechanics,29.0
MAT-2024-0245,CHM 101,General Chemistry I,24.0
MAT-2024-0246,MAT 101,General Mathematics I,15.7
MAT-2024-0246,STA 101,Introductory Statistics,14.1
MAT-2024-0246,CHM 101,General Chemistry I,21.3
MAT-2024-0246,CSC 101,Introduction to Computer Science,25.3
MAT-2024-0246,GST 101,Use of English,21.4
MAT-2024-0246,CSC 102,Introduction to Problem Solving,20.6
MAT-2024-0247,GST 101,Use of English,11.8
MAT-2024-0247,MAT 102,General Mathematics II,12.6
MAT-2024-0247,CSC 101,Introduction to Computer Science,8.1
MAT-2024-0247,CHM 102,Practical Chemistry I,3.6
MAT-2024-0247,PHY 101,General Physics I,4.4
MAT-2024-0247,CHM 101,General Chemistry I,14.8
MAT-2024-0247,ENG 101,Engineering Mechanics,8.4
MAT-2024-0247,MAT 101,General Mathematics I,14.7
MAT-2024-0248,MAT 102,General Mathematics II,15.2
MAT-2024-0248,GST 102,Nigerian Peoples and Culture,20.2
MAT-2024-0248,CSC 102,Introduction to Problem Solving,17.4
MAT-2024-0248,MAT 101,General Mathematics I,24.5
MAT-2024-0248,STA 101,Introductory Statistics,14.7
MAT-2024-0248,CSC 101,Introduction to Computer Science,15.2
MAT-2024-0248,CHM 101,General Chemistry I,17.8
MAT-2024-0248,GST 101,Use of English,15.5
MAT-2024-0248,PHY 101,General Physics I,18.3
MAT-2024-0249,CSC 101,Introduction to Computer Science,24.2
MAT-2024-0249,CSC 102,Introduction to Problem Solving,19.2
MAT-2024-0249,PHY 102,Practical Physics I,28.5
MAT-2024-0250,CSC 102,Introduction to Problem Solving,23.3
MAT-2024-0250,BIO 101,General Biology I,15.5
MAT-2024-0250,MAT 101,General Mathematics I,15.6
MAT-2024-0251,STA 101,Introductory Statistics,15.9
MAT-2024-0251,CHM 102,Practical Chemistry I,14.0
MAT-2024-0251,GST 101,Use of English,9.2
MAT-2024-0251,BIO 101,General Biology I,19.2
MAT-2024-0251,CHM 101,General Chemistry I,10.2
MAT-2024-0251,PHY 102,Practical Physics I,13.6
MAT-2024-0251,PHY 101,General Physics I,18.5
MAT-2024-0252,GST 101,Use of English,15.0
MAT-2024-0252,CHM 101,General Chemistry I,20.2
MAT-2024-0252,BIO 101,General Biology I,16.5
MAT-2024-0252,MAT 102,General Mathematics II,21.5
MAT-2024-0252,STA 101,Introductory Statistics,16.5
MAT-2024-0252,CHM 102,Practical Chemistry I,18.1
MAT-2024-0252,PHY 102,Practical Physics I,12.0
MAT-2024-0252,CSC 101,Introduction to Computer Science,14.7
MAT-2024-0252,ENG 101,Engineering Mechanics,20.9
MAT-2024-0253,GST 102,Nigerian Peoples and Culture,18.3
MAT-2024-0253,ENG 101,Engineering Mechanics,18.9
MAT-2024-0253,CSC 101,Introduction to Computer Science,18.6
MAT-2024-0253,GST 101,Use of English,11.5
MAT-2024-0253,CHM 102,Practical Chemistry I,21.8
MAT-2024-0253,CHM 101,General Chemistry I,21.4
MAT-2024-0253,MAT 101,General Mathematics I,16.5
MAT-2024-0253,STA 101,Introductory Statistics,18.7
MAT-2024-0253,PHY 102,Practical Physics I,16.0
MAT-2024-0254,GST 102,Nigerian Peoples and Culture,14.9
MAT-2024-0254,PHY 101,General Physics I,16.0
MAT-2024-0254,MAT 102,General Mathematics II,10.1
MAT-2024-0254,CSC 102,Introduction to Problem Solving,20.5
MAT-2024-0254,CHM 101,General Chemistry I,10.5
MAT-2024-0254,PHY 102,Practical Physics I,8.7
MAT-2024-0255,CHM 101,General Chemistry I,22.8
MAT-2024-0255,BIO 101,General Biology I,21.1
MAT-2024-0255,GST 102,Nigerian Peoples and Culture,22.2
MAT-2024-0256,ENG 101,Engineering Mechanics,2.8
MAT-2024-0256,PHY 101,General Physics I,13.1
MAT-2024-0256,GST 101,Use of English,8.0
MAT-2024-0257,STA 101,Introductory Statistics,17.4
MAT-2024-0257,MAT 101,General Mathematics I,19.8
MAT-2024-0257,ENG 101,Engineering Mechanics,30.0
MAT-2024-0257,CSC 102,Introduction to Problem Solving,21.1
MAT-2024-0257,CHM 102,Practical Chemistry I,25.9
MAT-2024-0257,MAT 102,General Mathematics II,18.7
MAT-2024-0257,PHY 101,General Physics I,21.1
MAT-2024-0257,GST 101,Use of English,18.3
MAT-2024-0258,STA 101,Introductory Statistics,19.7
MAT-2024-0258,GST 101,Use of English,13.3
MAT-2024-0259,STA 101,Introductory Statistics,11.8
MAT-2024-0260,CSC 102,Introduction to Problem Solving,16.0
MAT-2024-0260,CHM 102,Practical Chemistry I,14.2
MAT-2024-0261,MAT 102,General Mathematics II,17.8
MAT-2024-0261,CSC 101,Introduction to Computer Science,25.8
MAT-2024-0261,CSC 102,Introduction to Problem Solving,22.8
MAT-2024-0261,MAT 101,General Mathematics I,12.8
MAT-2024-0261,CHM 101,General Chemistry I,18.2
MAT-2024-0261,BIO 101,General Biology I,12.2
MAT-2024-0262,MAT 102,General Mathematics II,19.5
MAT-2024-0262,CSC 102,Introduction to Problem Solving,11.6
MAT-2024-0262,BIO 101,General Biology I,17.8
MAT-2024-0263,PHY 102,Practical Physics I,21.0
MAT-2024-0263,MAT 101,General Mathematics I,20.7
MAT-2024-0263,PHY 101,General Physics I,21.3
MAT-2024-0263,CSC 102,Introduction to Problem Solving,21.7
MAT-2024-0263,CHM 101,General Chemistry I,22.9
MAT-2024-0263,GST 101,Use of English,17.2
MAT-2024-0263,ENG 101,Engineering Mechanics,17.0
MAT-2024-0263,CHM 102,Practical Chemistry I,19.8
MAT-2024-0264,CSC 102,Introduction to Problem Solving,14.0
MAT-2024-0264,PHY 102,Practical Physics I,2.8
MAT-2024-0264,GST 102,Nigerian Peoples and Culture,10.2
MAT-2024-0264,ENG 101,Engineering Mechanics,19.7
MAT-2024-0264,PHY 101,General Physics I,4.9
MAT-2024-0264,CHM 101,General Chemistry I,3.2
MAT-2024-0264,CHM 102,Practical Chemistry I,5.1
MAT-2024-0264,CSC 101,Introduction to Computer Science,14.7
MAT-2024-0264,MAT 101,General Mathematics I,15.6
MAT-2024-0265,GST 101,Use of English,18.2
MAT-2024-0266,CHM 102,Practical Chemistry I,12.1
MAT-2024-0266,PHY 102,Practical Physics I,20.8
MAT-2024-0266,BIO 101,General Biology I,11.5
MAT-2024-0266,PHY 101,General Physics I,18.6
MAT-2024-0266,CSC 102,Introduction to Problem Solving,14.0
MAT-2024-0266,MAT 102,General Mathematics II,15.8
MAT-2024-0266,CHM 101,General Chemistry I,19.3
MAT-2024-0267,MAT 101,General Mathematics I,19.3
MAT-2024-0267,CHM 102,Practical Chemistry I,17.4
MAT-2024-0267,GST 102,Nigerian Peoples and Culture,9.7
MAT-2024-0267,PHY 102,Practical Physics I,14.7
MAT-2024-0267,GST 101,Use of English,14.1
MAT-2024-0267,CSC 101,Introduction to Computer Science,15.6
MAT-2024-0267,BIO 101,General Biology I,11.9
MAT-2024-0267,CSC 102,Introduction to Problem Solving,18.7
MAT-2024-0267,MAT 102,General Mathematics II,14.3
MAT-2024-0268,STA 101,Introductory Statistics,11.2
MAT-2024-0268,GST 101,Use of English,5.8
MAT-2024-0268,PHY 102,Practical Physics I,5.9
MAT-2024-0268,ENG 101,Engineering Mechanics,7.9
MAT-2024-0268,CSC 101,Introduction to Computer Science,12.2
MAT-2024-0268,PHY 101,General Physics I,8.0
MAT-2024-0268,CHM 101,General Chemistry I,5.9
MAT-2024-0268,GST 102,Nigerian Peoples and Culture,12.6
MAT-2024-0268,MAT 101,General Mathematics I,16.7
MAT-2024-0268,CHM 102,Practical Chemistry I,13.3
MAT-2024-0269,BIO 101,General Biology I,23.8
MAT-2024-0269,MAT 101,General Mathematics I,30.0
MAT-2024-0269,CHM 102,Practical Chemistry I,20.1
MAT-2024-0269,ENG 101,Engineering Mechanics,15.4
MAT-2024-0269,STA 101,Introductory Statistics,22.6
MAT-2024-0269,CHM 101,General Chemistry I,26.3
MAT-2024-0269,GST 102,Nigerian Peoples and Culture,21.4
MAT-2024-0270,STA 101,Introductory Statistics,13.2
MAT-2024-0271,STA 101,Introductory Statistics,20.8
MAT-2024-0271,GST 101,Use of English,21.9
MAT-2024-0272,CHM 102,Practical Chemistry I,22.5
MAT-2024-0272,PHY 101,General Physics I,20.1
MAT-2024-0272,PHY 102,Practical Physics I,20.0
MAT-2024-0272,STA 101,Introductory Statistics,23.7
MAT-2024-0272,CSC 101,Introduction to Computer Science,21.4
MAT-2024-0272,MAT 101,General Mathematics I,17.1
MAT-2024-0272,GST 102,Nigerian Peoples and Culture,19.1
MAT-2024-0272,CHM 101,General Chemistry I,22.1
MAT-2024-0272,ENG 101,Engineering Mechanics,11.8
MAT-2024-0272,CSC 102,Introduction to Problem Solving,16.2
MAT-2024-0272,MAT 102,General Mathematics II,22.6
MAT-2024-0273,CSC 102,Introduction to Problem Solving,11.9
MAT-2024-0273,BIO 101,General Biology I,6.4
MAT-2024-0273,CHM 102,Practical Chemistry I,7.1
MAT-2024-0273,CSC 101,Introduction to Computer Science,8.4
MAT-2024-0273,PHY 102,Practical Physics I,11.2
MAT-2024-0273,PHY 101,General Physics I,12.5
MAT-2024-0273,STA 101,Introductory Statistics,9.3
MAT-2024-0273,GST 101,Use of English,9.5
MAT-2024-0274,CHM 101,General Chemistry I,17.5
MAT-2024-0275,MAT 101,General Mathematics I,9.1
MAT-2024-0275,GST 101,Use of English,6.5
MAT-2024-0275,MAT 102,General Mathematics II,10.7
MAT-2024-0275,STA 101,Introductory Statistics,9.9
MAT-2024-0276,GST 102,Nigerian Peoples and Culture,19.4
MAT-2024-0276,ENG 101,Engineering Mechanics,8.8
MAT-2024-0276,MAT 102,General Mathematics II,9.5
MAT-2024-0276,BIO 101,General Biology I,8.3
MAT-2024-0276,CHM 101,General Chemistry I,19.4
MAT-2024-0277,MAT 102,General Mathematics II,19.8
MAT-2024-0278,GST 101,Use of English,17.4
MAT-2024-0278,CHM 101,General Chemistry I,14.8
MAT-2024-0278,STA 101,Introductory Statistics,13.2
MAT-2024-0278,MAT 101,General Mathematics I,9.8
MAT-2024-0278,CHM 102,Practical Chemistry I,14.1
MAT-2024-0278,CSC 102,Introduction to Problem Solving,18.8
MAT-2024-0278,PHY 102,Practical Physics I,14.0
MAT-2024-0278,CSC 101,Introduction to Computer Science,15.9
MAT-2024-0278,MAT 102,General Mathematics II,18.7
MAT-2024-0278,BIO 101,General Biology I,18.9
MAT-2024-0278,GST 102,Nigerian Peoples and Culture,12.5
MAT-2024-0279,ENG 101,Engineering Mechanics,13.0
MAT-2024-0279,STA 101,Introductory Statistics,9.8
MAT-2024-0279,CSC 101,Introduction to Computer Science,8.6
MAT-2024-0279,BIO 101,General Biology I,16.2
MAT-2024-0279,PHY 102,Practical Physics I,14.1
MAT-2024-0279,CSC 102,Introduction to Problem Solving,5.2
MAT-2024-0279,MAT 102,General Mathematics II,15.9
MAT-2024-0279,CHM 101,General Chemistry I,14.0
MAT-2024-0280,MAT 102,General Mathematics II,19.2
MAT-2024-0280,PHY 101,General Physics I,16.4
MAT-2024-0280,ENG 101,Engineering Mechanics,16.5
MAT-2024-0280,CSC 102,Introduction to Problem Solving,14.3
MAT-2024-0280,CHM 102,Practical Chemistry I,18.1
MAT-2024-0281,CSC 101,Introduction to Computer Science,18.4
MAT-2024-0281,GST 102,Nigerian Peoples and Culture,18.0
MAT-2024-0281,CHM 101,General Chemistry I,21.2
MAT-2024-0281,STA 101,Introductory Statistics,20.6
MAT-2024-0281,PHY 101,General Physics I,18.3
MAT-2024-0281,CSC 102,Introduction to Problem Solving,22.6
MAT-2024-0281,MAT 102,General Mathematics II,15.7
MAT-2024-0281,PHY 102,Practical Physics I,19.3
MAT-2024-0281,ENG 101,Engineering Mechanics,13.6
MAT-2024-0281,CHM 102,Practical Chemistry I,18.3
MAT-2024-0282,PHY 102,Practical Physics I,26.3
MAT-2024-0282,CSC 102,Introduction to Problem Solving,15.0
MAT-2024-0282,ENG 101,Engineering Mechanics,18.7
MAT-2024-0282,CSC 101,Introduction to Computer Science,23.6
MAT-2024-0282,BIO 101,General Biology I,23.7
MAT-2024-0282,STA 101,Introductory Statistics,30.0
MAT-2024-0282,GST 101,Use of English,17.8
MAT-2024-0282,MAT 101,General Mathematics I,26.2
MAT-2024-0283,PHY 102,Practical Physics I,14.3
MAT-2024-0283,ENG 101,Engineering Mechanics,8.3
MAT-2024-0283,CHM 101,General Chemistry I,12.6
MAT-2024-0283,MAT 101,General Mathematics I,6.3
MAT-2024-0283,PHY 101,General Physics I,10.3
MAT-2024-0283,CSC 102,Introduction to Problem Solving,12.6
MAT-2024-0284,GST 102,Nigerian Peoples and Culture,15.6
MAT-2024-0284,CSC 102,Introduction to Problem Solving,18.6
MAT-2024-0284,CHM 102,Practical Chemistry I,17.3
MAT-2024-0284,CSC 101,Introduction to Computer Science,13.7
MAT-2024-0284,MAT 101,General Mathematics I,26.7
MAT-2024-0284,PHY 102,Practical Physics I,19.8
MAT-2024-0285,CHM 102,Practical Chemistry I,15.9
MAT-2024-0285,BIO 101,General Biology I,15.5
MAT-2024-0285,MAT 101,General Mathematics I,17.7
MAT-2024-0285,CSC 101,Introduction to Computer Science,16.2
MAT-2024-0285,PHY 101,General Physics I,14.2
MAT-2024-0285,GST 101,Use of English,7.1
MAT-2024-0285,ENG 101,Engineering Mechanics,7.1
MAT-2024-0285,STA 101,Introductory Statistics,10.7
MAT-2024-0285,PHY 102,Practical Physics I,11.9
MAT-2024-0285,CHM 101,General Chemistry I,17.3
MAT-2024-0286,PHY 102,Practical Physics I,17.2
MAT-2024-0286,MAT 101,General Mathematics I,10.7
MAT-2024-0286,MAT 102,General Mathematics II,12.5
MAT-2024-0286,CSC 101,Introduction to Computer Science,13.5
MAT-2024-0286,BIO 101,General Biology I,15.0
MAT-2024-0286,STA 101,Introductory Statistics,16.2
MAT-2024-0286,CHM 102,Practical Chemistry I,23.2
MAT-2024-0287,MAT 102,General Mathematics II,1.3
MAT-2024-0287,PHY 101,General Physics I,9.7
MAT-2024-0287,PHY 102,Practical Physics I,9.8
MAT-2024-0287,CSC 101,Introduction to Computer Science,11.0
MAT-2024-0287,GST 102,Nigerian Peoples and Culture,9.7
MAT-2024-0287,STA 101,Introductory Statistics,19.3
MAT-2024-0287,GST 101,Use of English,10.7
MAT-2024-0287,CHM 102,Practical Chemistry I,4.5
MAT-2024-0288,CHM 101,General Chemistry I,26.9
MAT-2024-0288,GST 101,Use of English,25.5
MAT-2024-0288,PHY 101,General Physics I,14.5
MAT-2024-0288,MAT 101,General Mathematics I,26.0
MAT-2024-0288,CSC 101,Introduction to Computer Science,14.3
MAT-2024-0288,BIO 101,General Biology I,25.3
MAT-2024-0288,MAT 102,General Mathematics II,20.2
MAT-2024-0288,CSC 102,Introduction to Problem Solving,24.5
MAT-2024-0288,ENG 101,Engineering Mechanics,16.3
MAT-2024-0288,PHY 102,Practical Physics I,26.3
MAT-2024-0288,CHM 102,Practical Chemistry I,15.8
MAT-2024-0289,CSC 102,Introduction to Problem Solving,19.7
MAT-2024-0289,BIO 101,General Biology I,16.6
MAT-2024-0289,GST 101,Use of English,14.8
MAT-2024-0289,PHY 102,Practical Physics I,19.5
MAT-2024-0289,CHM 101,General Chemistry I,19.0
MAT-2024-0290,GST 101,Use of English,19.0
MAT-2024-0290,PHY 101,General Physics I,21.8
MAT-2024-0290,CSC 101,Introduction to Computer Science,18.4
MAT-2024-0290,CSC 102,Introduction to Problem Solving,30.0
MAT-2024-0290,BIO 101,General Biology I,23.9
MAT-2024-0290,CHM 102,Practical Chemistry I,23.8
MAT-2024-0290,STA 101,Introductory Statistics,26.4
MAT-2024-0290,MAT 102,General Mathematics II,27.8
MAT-2024-0291,MAT 102,General Mathematics II,10.0
MAT-2024-0291,CHM 102,Practical Chemistry I,17.2
MAT-2024-0292,CHM 102,Practical Chemistry I,17.7
MAT-2024-0292,STA 101,Introductory Statistics,13.0
MAT-2024-0292,PHY 101,General Physics I,16.5
MAT-2024-0292,GST 102,Nigerian Peoples and Culture,8.6
MAT-2024-0292,PHY 102,Practical Physics I,17.8
MAT-2024-0292,CHM 101,General Chemistry I,12.4
MAT-2024-0293,CSC 101,Introduction to Computer Science,14.3
MAT-2024-0293,CSC 102,Introduction to Problem Solving,14.7
MAT-2024-0293,CHM 102,Practical Chemistry I,10.0
MAT-2024-0293,MAT 102,General Mathematics II,12.3
MAT-2024-0293,STA 101,Introductory Statistics,13.0
MAT-2024-0294,GST 101,Use of English,12.9
MAT-2024-0294,PHY 101,General Physics I,24.3
MAT-2024-0294,MAT 102,General Mathematics II,16.6
MAT-2024-0294,CSC 101,Introduction to Computer Science,21.8
MAT-2024-0294,CHM 102,Practical Chemistry I,25.6
MAT-2024-0294,BIO 101,General Biology I,11.4
MAT-2024-0294,MAT 101,General Mathematics I,24.1
MAT-2024-0294,PHY 102,Practical Physics I,29.2
MAT-2024-0294,CHM 101,General Chemistry I,18.9
MAT-2024-0295,STA 101,Introductory Statistics,15.7
MAT-2024-0295,BIO 101,General Biology I,16.3
MAT-2024-0295,GST 102,Nigerian Peoples and Culture,17.2
MAT-2024-0295,CSC 101,Introduction to Computer Science,12.5
MAT-2024-0295,PHY 101,General Physics I,12.9
MAT-2024-0295,CHM 102,Practical Chemistry I,13.2
MAT-2024-0295,PHY 102,Practical Physics I,7.8
MAT-2024-0295,GST 101,Use of English,14.1
MAT-2024-0295,MAT 102,General Mathematics II,12.9
MAT-2024-0295,CHM 101,General Chemistry I,16.7
MAT-2024-0296,PHY 102,Practical Physics I,14.0
MAT-2024-0296,PHY 101,General Physics I,18.0
MAT-2024-0296,CSC 101,Introduction to Computer Science,21.8
MAT-2024-0296,STA 101,Introductory Statistics,19.7
MAT-2024-0296,CSC 102,Introduction to Problem Solving,18.6
MAT-2024-0296,BIO 101,General Biology I,25.1
MAT-2024-0296,GST 101,Use of English,22.0
MAT-2024-0297,GST 102,Nigerian Peoples and Culture,21.4
MAT-2024-0297,STA 101,Introductory Statistics,28.2
MAT-2024-0297,CSC 101,Introduction to Computer Science,21.2
MAT-2024-0297,MAT 102,General Mathematics II,25.7
MAT-2024-0297,CHM 102,Practical Chemistry I,21.0
MAT-2024-0297,PHY 102,Practical Physics I,22.2
MAT-2024-0297,GST 101,Use of English,21.7
MAT-2024-0297,CHM 101,General Chemistry I,26.5
MAT-2024-0297,MAT 101,General Mathematics I,24.8
MAT-2024-0297,CSC 102,Introduction to Problem Solving,24.4
MAT-2024-0297,BIO 101,General Biology I,30.0
MAT-2024-0298,CHM 101,General Chemistry I,21.4
MAT-2024-0298,CSC 101,Introduction to Computer Science,18.5
MAT-2024-0298,CSC 102,Introduction to Problem Solving,28.7
MAT-2024-0299,CSC 102,Introduction to Problem Solving,11.1
MAT-2024-0299,GST 101,Use of English,13.2
MAT-2024-0299,STA 101,Introductory Statistics,8.4
MAT-2024-0299,GST 102,Nigerian Peoples and Culture,8.1
MAT-2024-0299,CHM 101,General Chemistry I,14.9
MAT-2024-0299,PHY 101,General Physics I,10.3
MAT-2024-0300,GST 101,Use of English,12.3
MAT-2024-0300,CHM 102,Practical Chemistry I,1.3
MAT-2024-0300,GST 102,Nigerian Peoples and Culture,12.5
MAT-2024-0300,CHM 101,General Chemistry I,12.0
MAT-2024-0300,CSC 101,Introduction to Computer Science,16.1
MAT-2024-0301,CHM 101,General Chemistry I,30.0
MAT-2024-0301,PHY 102,Practical Physics I,22.4
MAT-2024-0301,GST 102,Nigerian Peoples and Culture,19.3
MAT-2024-0301,PHY 101,General Physics I,19.8
MAT-2024-0301,CHM 102,Practical Chemistry I,23.3
MAT-2024-0301,CSC 101,Introduction to Computer Science,19.4
MAT-2024-0301,MAT 102,General Mathematics II,23.9
MAT-2024-0301,ENG 101,Engineering Mechanics,19.8
MAT-2024-0301,CSC 102,Introduction to Problem Solving,27.3
MAT-2024-0301,STA 101,Introductory Statistics,27.2
MAT-2024-0301,BIO 101,General Biology I,19.1
MAT-2024-0302,CSC 102,Introduction to Problem Solving,17.1
MAT-2024-0302,PHY 102,Practical Physics I,18.0
MAT-2024-0302,STA 101,Introductory Statistics,18.5
MAT-2024-0302,MAT 102,General Mathematics II,12.0
MAT-2024-0302,MAT 101,General Mathematics I,12.2
MAT-2024-0302,GST 102,Nigerian Peoples and Culture,14.2
MAT-2024-0302,BIO 101,General Biology I,21.5
MAT-2024-0302,ENG 101,Engineering Mechanics,11.6
MAT-2024-0302,CHM 101,General Chemistry I,13.5
MAT-2024-0302,CSC 101,Introduction to Computer Science,18.5
MAT-2024-0303,GST 101,Use of English,24.8
MAT-2024-0303,PHY 102,Practical Physics I,27.9
MAT-2024-0303,ENG 101,Engineering Mechanics,20.6
MAT-2024-0303,CSC 102,Introduction to Problem Solving,26.9
MAT-2024-0303,MAT 101,General Mathematics I,22.3
MAT-2024-0303,BIO 101,General Biology I,15.9
MAT-2024-0303,STA 101,Introductory Statistics,29.2
MAT-2024-0303,CHM 101,General Chemistry I,30.0
MAT-2024-0303,CSC 101,Introduction to Computer Science,24.5
MAT-2024-0303,CHM 102,Practical Chemistry I,22.4
MAT-2024-0303,PHY 101,General Physics I,20.9
MAT-2024-0304,MAT 102,General Mathematics II,12.6
MAT-2024-0304,CHM 102,Practical Chemistry I,15.4
MAT-2024-0304,ENG 101,Engineering Mechanics,12.9
MAT-2024-0304,CHM 101,General Chemistry I,16.8
MAT-2024-0305,PHY 101,General Physics I,20.8
MAT-2024-0305,CSC 102,Introduction to Problem Solving,19.9
MAT-2024-0305,MAT 101,General Mathematics I,18.2
MAT-2024-0305,CSC 101,Introduction to Computer Science,19.9
MAT-2024-0305,BIO 101,General Biology I,26.9
MAT-2024-0305,ENG 101,Engineering Mechanics,17.8
MAT-2024-0305,GST 101,Use of English,23.8
MAT-2024-0305,GST 102,Nigerian Peoples and Culture,16.5
MAT-2024-0306,STA 101,Introductory Statistics,23.2
MAT-2024-0306,PHY 102,Practical Physics I,16.9
MAT-2024-0306,CSC 101,Introduction to Computer Science,18.3
MAT-2024-0306,MAT 102,General Mathematics II,25.6
MAT-2024-0307,CSC 102,Introduction to Problem Solving,25.8
MAT-2024-0307,STA 101,Introductory Statistics,24.2
MAT-2024-0307,ENG 101,Engineering Mechanics,20.8
MAT-2024-0307,CSC 101,Introduction to Computer Science,17.2
MAT-2024-0307,MAT 102,General Mathematics II,21.8
MAT-2024-0307,PHY 101,General Physics I,18.3
MAT-2024-0308,GST 101,Use of English,12.6
MAT-2024-0308,BIO 101,General Biology I,15.5
MAT-2024-0308,PHY 101,General Physics I,21.0
MAT-2024-0308,CHM 101,General Chemistry I,18.4
MAT-2024-0308,CSC 102,Introduction to Problem Solving,14.3
MAT-2024-0308,MAT 102,General Mathematics II,25.0
MAT-2024-0309,PHY 101,General Physics I,6.3
MAT-2024-0309,MAT 101,General Mathematics I,16.0
MAT-2024-0309,CHM 101,General Chemistry I,22.9
MAT-2024-0310,PHY 102,Practical Physics I,14.6
MAT-2024-0310,ENG 101,Engineering Mechanics,20.1
MAT-2024-0310,GST 101,Use of English,19.0
MAT-2024-0310,CSC 101,Introduction to Computer Science,22.8
MAT-2024-0310,STA 101,Introductory Statistics,12.5
MAT-2024-0310,GST 102,Nigerian Peoples and Culture,19.5
MAT-2024-0310,PHY 101,General Physics I,17.7
MAT-2024-0311,BIO 101,General Biology I,21.1
MAT-2024-0311,GST 102,Nigerian Peoples and Culture,27.2
MAT-2024-0311,MAT 102,General Mathematics II,13.6
MAT-2024-0312,CHM 101,General Chemistry I,17.1
MAT-2024-0312,BIO 101,General Biology I,10.6
MAT-2024-0312,MAT 101,General Mathematics I,7.7
MAT-2024-0312,PHY 101,General Physics I,6.1
MAT-2024-0312,ENG 101,Engineering Mechanics,18.4
MAT-2024-0312,CSC 102,Introduction to Problem Solving,12.6
MAT-2024-0312,PHY 102,Practical Physics I,14.5
MAT-2024-0312,GST 102,Nigerian Peoples and Culture,11.0
MAT-2024-0313,STA 101,Introductory Statistics,5.9
MAT-2024-0313,MAT 101,General Mathematics I,14.3
MAT-2024-0313,CSC 102,Introduction to Problem Solving,13.9
MAT-2024-0313,CHM 101,General Chemistry I,11.8
MAT-2024-0313,BIO 101,General Biology I,3.5
MAT-2024-0313,GST 102,Nigerian Peoples and Culture,8.9
MAT-2024-0313,CSC 101,Introduction to Computer Science,5.5
MAT-2024-0313,PHY 102,Practical Physics I,15.1
MAT-2024-0313,CHM 102,Practical Chemistry I,8.0
MAT-2024-0313,MAT 102,General Mathematics II,6.0
MAT-2024-0314,CSC 101,Introduction to Computer Science,15.9
MAT-2024-0314,CHM 101,General Chemistry I,11.8
MAT-2024-0314,STA 101,Introductory Statistics,16.4
MAT-2024-0314,ENG 101,Engineering Mechanics,24.6
MAT-2024-0314,CHM 102,Practical Chemistry I,13.9
MAT-2024-0314,MAT 101,General Mathematics I,18.2
MAT-2024-0314,GST 101,Use of English,23.9
MAT-2024-0315,PHY 102,Practical Physics I,16.0
MAT-2024-0316,GST 101,Use of English,17.8
MAT-2024-0316,STA 101,Introductory Statistics,26.4
MAT-2024-0316,GST 102,Nigerian Peoples and Culture,20.1
MAT-2024-0316,CHM 101,General Chemistry I,21.1
MAT-2024-0316,PHY 101,General Physics I,8.8
MAT-2024-0316,ENG 101,Engineering Mechanics,8.7
MAT-2024-0316,PHY 102,Practical Physics I,15.9
MAT-2024-0316,MAT 102,General Mathematics II,11.2
MAT-2024-0316,BIO 101,General Biology I,13.1
MAT-2024-0317,PHY 102,Practical Physics I,11.8
MAT-2024-0317,CHM 102,Practical Chemistry I,11.7
MAT-2024-0317,MAT 102,General Mathematics II,14.8
MAT-2024-0317,PHY 101,General Physics I,3.8
MAT-2024-0317,CSC 101,Introduction to Computer Science,13.2
MAT-2024-0318,ENG 101,Engineering Mechanics,21.0
MAT-2024-0318,STA 101,Introductory Statistics,16.2
MAT-2024-0319,GST 102,Nigerian Peoples and Culture,16.6
MAT-2024-0319,STA 101,Introductory Statistics,10.1
MAT-2024-0319,CSC 101,Introduction to Computer Science,10.5
MAT-2024-0319,GST 101,Use of English,16.8
MAT-2024-0319,MAT 102,General Mathematics II,14.3
MAT-2024-0319,ENG 101,Engineering Mechanics,16.0
MAT-2024-0320,MAT 101,General Mathematics I,17.8
MAT-2024-0320,MAT 102,General Mathematics II,21.8
MAT-2024-0320,CSC 102,Introduction to Problem Solving,15.9
MAT-2024-0320,CSC 101,Introduction to Computer Science,13.7
MAT-2024-0320,STA 101,Introductory Statistics,18.7
MAT-2024-0320,BIO 101,General Biology I,17.6
MAT-2024-0320,CHM 101,General Chemistry I,15.2
MAT-2024-0320,GST 101,Use of English,17.9
MAT-2024-0320,PHY 101,General Physics I,14.4
MAT-2024-0321,GST 102,Nigerian Peoples and Culture,16.5
MAT-2024-0321,CSC 101,Introduction to Computer Science,18.4
MAT-2024-0321,STA 101,Introductory Statistics,17.3
MAT-2024-0321,PHY 102,Practical Physics I,12.9
MAT-2024-0321,CHM 102,Practical Chemistry I,12.6
MAT-2024-0321,CSC 102,Introduction to Problem Solving,15.5
MAT-2024-0321,GST 101,Use of English,17.0
MAT-2024-0321,CHM 101,General Chemistry I,16.1
MAT-2024-0321,BIO 101,General Biology I,17.9
MAT-2024-0321,MAT 102,General Mathematics II,9.7
MAT-2024-0322,GST 102,Nigerian Peoples and Culture,15.8
MAT-2024-0322,MAT 102,General Mathematics II,8.2
MAT-2024-0322,BIO 101,General Biology I,13.6
MAT-2024-0322,PHY 102,Practical Physics I,13.5
MAT-2024-0322,CHM 101,General Chemistry I,17.7
MAT-2024-0322,CHM 102,Practical Chemistry I,8.9
MAT-2024-0322,ENG 101,Engineering Mechanics,8.1
MAT-2024-0322,MAT 101,General Mathematics I,0.3
MAT-2024-0322,CSC 101,Introduction to Computer Science,10.6
MAT-2024-0323,CHM 102,Practical Chemistry I,17.3
MAT-2024-0323,PHY 101,General Physics I,16.6
MAT-2024-0323,ENG 101,Engineering Mechanics,24.9
MAT-2024-0323,PHY 102,Practical Physics I,8.8
MAT-2024-0323,CHM 101,General Chemistry I,15.8
MAT-2024-0323,MAT 101,General Mathematics I,18.0
MAT-2024-0324,BIO 101,General Biology I,14.4
MAT-2024-0324,CHM 101,General Chemistry I,10.8
MAT-2024-0324,CHM 102,Practical Chemistry I,17.8
MAT-2024-0324,PHY 102,Practical Physics I,16.2
MAT-2024-0324,GST 101,Use of English,9.6
MAT-2024-0324,MAT 101,General Mathematics I,18.6
MAT-2024-0324,CSC 102,Introduction to Problem Solving,11.5
MAT-2024-0324,GST 102,Nigerian Peoples and Culture,10.0
MAT-2024-0324,PHY 101,General Physics I,15.0
MAT-2024-0324,STA 101,Introductory Statistics,7.7
MAT-2024-0325,CHM 102,Practical Chemistry I,14.3
MAT-2024-0325,GST 101,Use of English,13.4
MAT-2024-0325,MAT 101,General Mathematics I,23.4
MAT-2024-0326,CSC 102,Introduction to Problem Solving,9.1
MAT-2024-0326,PHY 101,General Physics I,10.5
MAT-2024-0326,GST 101,Use of English,9.3
MAT-2024-0326,MAT 101,General Mathematics I,12.1
MAT-2024-0326,BIO 101,General Biology I,7.6
MAT-2024-0326,STA 101,Introductory Statistics,4.8
MAT-2024-0326,CHM 102,Practical Chemistry I,5.8
MAT-2024-0326,MAT 102,General Mathematics II,7.8
MAT-2024-0326,ENG 101,Engineering Mechanics,7.7
MAT-2024-0326,GST 102,Nigerian Peoples and Culture,19.5
MAT-2024-0327,GST 102,Nigerian Peoples and Culture,18.7
MAT-2024-0327,PHY 102,Practical Physics I,21.1
MAT-2024-0327,BIO 101,General Biology I,19.3
MAT-2024-0327,MAT 101,General Mathematics I,22.9
MAT-2024-0327,CSC 101,Introduction to Computer Science,15.7
MAT-2024-0327,GST 101,Use of English,18.9
MAT-2024-0327,CHM 101,General Chemistry I,23.1
MAT-2024-0328,CHM 102,Practical Chemistry I,14.8
MAT-2024-0328,BIO 101,General Biology I,23.0
MAT-2024-0328,GST 102,Nigerian Peoples and Culture,21.8
MAT-2024-0328,ENG 101,Engineering Mechanics,22.4
MAT-2024-0328,STA 101,Introductory Statistics,18.6
MAT-2024-0328,CSC 101,Introduction to Computer Science,12.9
MAT-2024-0329,GST 102,Nigerian Peoples and Culture,8.0
MAT-2024-0329,STA 101,Introductory Statistics,5.9
MAT-2024-0329,MAT 102,General Mathematics II,6.5
MAT-2024-0329,CSC 102,Introduction to Problem Solving,19.6
MAT-2024-0329,CHM 101,General Chemistry I,13.0
MAT-2024-0329,BIO 101,General Biology I,0.0
MAT-2024-0329,PHY 101,General Physics I,8.9
MAT-2024-0329,ENG 101,Engineering Mechanics,9.8
MAT-2024-0330,GST 102,Nigerian Peoples and Culture,16.2
MAT-2024-0330,CHM 101,General Chemistry I,27.5
MAT-2024-0330,GST 101,Use of English,19.0
MAT-2024-0330,CSC 102,Introduction to Problem Solving,19.1
MAT-2024-0330,PHY 102,Practical Physics I,15.6
MAT-2024-0331,CSC 102,Introduction to Problem Solving,20.6
MAT-2024-0331,MAT 102,General Mathematics II,24.7
MAT-2024-0331,BIO 101,General Biology I,17.7
MAT-2024-0331,STA 101,Introductory Statistics,29.2
MAT-2024-0332,STA 101,Introductory Statistics,11.3
MAT-2024-0332,GST 102,Nigerian Peoples and Culture,7.9
MAT-2024-0332,CHM 101,General Chemistry I,11.7
MAT-2024-0332,CHM 102,Practical Chemistry I,13.1
MAT-2024-0332,PHY 101,General Physics I,11.4
MAT-2024-0332,ENG 101,Engineering Mechanics,10.7
MAT-2024-0332,GST 101,Use of English,14.0
MAT-2024-0332,CSC 101,Introduction to Computer Science,19.7
MAT-2024-0333,CHM 101,General Chemistry I,12.8
MAT-2024-0333,MAT 101,General Mathematics I,22.8
MAT-2024-0333,MAT 102,General Mathematics II,15.3
MAT-2024-0334,STA 101,Introductory Statistics,2.1
MAT-2024-0334,BIO 101,General Biology I,10.8
MAT-2024-0335,CHM 101,General Chemistry I,26.3
MAT-2024-0335,CSC 102,Introduction to Problem Solving,23.4
MAT-2024-0335,BIO 101,General Biology I,22.3
MAT-2024-0335,GST 101,Use of English,12.1
MAT-2024-0335,PHY 102,Practical Physics I,18.9
MAT-2024-0335,MAT 102,General Mathematics II,19.7
MAT-2024-0335,CHM 102,Practical Chemistry I,14.2
MAT-2024-0335,STA 101,Introductory Statistics,17.0
MAT-2024-0335,CSC 101,Introduction to Computer Science,13.7
MAT-2024-0335,PHY 101,General Physics I,21.5
MAT-2024-0335,MAT 101,General Mathematics I,24.9
MAT-2024-0336,CSC 102,Introduction to Problem Solving,12.4
MAT-2024-0336,PHY 102,Practical Physics I,15.2
MAT-2024-0336,GST 101,Use of English,8.3
MAT-2024-0336,CHM 102,Practical Chemistry I,9.3
MAT-2024-0336,MAT 101,General Mathematics I,15.3
MAT-2024-0336,MAT 102,General Mathematics II,9.2
MAT-2024-0336,STA 101,Introductory Statistics,11.0
MAT-2024-0336,PHY 101,General Physics I,7.7
MAT-2024-0336,GST 102,Nigerian Peoples and Culture,19.1
MAT-2024-0336,CHM 101,General Chemistry I,13.9
MAT-2024-0337,STA 101,Introductory Statistics,19.8
MAT-2024-0337,CSC 102,Introduction to Problem Solving,21.0
MAT-2024-0337,BIO 101,General Biology I,14.9
MAT-2024-0337,PHY 101,General Physics I,18.9
MAT-2024-0337,CSC 101,Introduction to Computer Science,14.7
MAT-2024-0337,MAT 101,General Mathematics I,20.3
MAT-2024-0337,CHM 101,General Chemistry I,15.5
MAT-2024-0338,ENG 101,Engineering Mechanics,9.5
MAT-2024-0338,CHM 102,Practical Chemistry I,7.2
MAT-2024-0338,BIO 101,General Biology I,10.6
MAT-2024-0339,CHM 102,Practical Chemistry I,20.1
MAT-2024-0339,GST 101,Use of English,18.6
MAT-2024-0339,CHM 101,General Chemistry I,15.7
MAT-2024-0339,STA 101,Introductory Statistics,23.5
MAT-2024-0339,MAT 102,General Mathematics II,27.4
MAT-2024-0339,MAT 101,General Mathematics I,21.8
MAT-2024-0339,ENG 101,Engineering Mechanics,24.4
MAT-2024-0339,BIO 101,General Biology I,21.7
MAT-2024-0340,PHY 102,Practical Physics I,12.3
MAT-2024-0340,GST 101,Use of English,19.9
MAT-2024-0340,GST 102,Nigerian Peoples and Culture,6.8
MAT-2024-0340,MAT 101,General Mathematics I,15.7
MAT-2024-0340,CSC 101,Introduction to Computer Science,8.6
MAT-2024-0340,ENG 101,Engineering Mechanics,9.4
MAT-2024-0340,BIO 101,General Biology I,14.9
MAT-2024-0340,PHY 101,General Physics I,10.3
MAT-2024-0340,MAT 102,General Mathematics II,12.3
MAT-2024-0340,CSC 102,Introduction to Problem Solving,12.2
MAT-2024-0340,STA 101,Introductory Statistics,8.6
MAT-2024-0341,CSC 102,Introduction to Problem Solving,26.7
MAT-2024-0341,CHM 101,General Chemistry I,22.4
MAT-2024-0341,MAT 101,General Mathematics I,19.8
MAT-2024-0342,CHM 101,General Chemistry I,3.6
MAT-2024-0343,PHY 102,Practical Physics I,30.0
MAT-2024-0343,PHY 101,General Physics I,21.1
MAT-2024-0343,STA 101,Introductory Statistics,28.2
MAT-2024-0343,CHM 101,General Chemistry I,22.8
MAT-2024-0343,BIO 101,General Biology I,22.8
MAT-2024-0343,GST 102,Nigerian Peoples and Culture,28.9
MAT-2024-0343,CSC 102,Introduction to Problem Solving,24.7
MAT-2024-0343,MAT 102,General Mathematics II,23.0
MAT-2024-0343,GST 101,Use of English,13.8
MAT-2024-0343,CSC 101,Introduction to Computer Science,15.5
MAT-2024-0344,MAT 102,General Mathematics II,7.4
MAT-2024-0344,PHY 101,General Physics I,16.8
MAT-2024-0344,STA 101,Introductory Statistics,18.2
MAT-2024-0344,CSC 101,Introduction to Computer Science,6.2
MAT-2024-0345,CHM 102,Practical Chemistry I,24.3
MAT-2024-0345,CHM 101,General Chemistry I,21.8
MAT-2024-0345,CSC 101,Introduction to Computer Science,16.3
MAT-2024-0345,MAT 101,General Mathematics I,14.8
MAT-2024-0345,STA 101,Introductory Statistics,20.8
MAT-2024-0345,CSC 102,Introduction to Problem Solving,19.5
MAT-2024-0345,BIO 101,General Biology I,20.6
MAT-2024-0345,GST 102,Nigerian Peoples and Culture,20.2
MAT-2024-0346,CSC 101,Introduction to Computer Science,12.1
MAT-2024-0346,PHY 102,Practical Physics I,10.3
MAT-2024-0346,CHM 102,Practical Chemistry I,12.5
MAT-2024-0346,ENG 101,Engineering Mechanics,13.0
MAT-2024-0347,GST 102,Nigerian Peoples and Culture,14.1
MAT-2024-0347,STA 101,Introductory Statistics,11.9
MAT-2024-0347,PHY 101,General Physics I,4.2
MAT-2024-0347,ENG 101,Engineering Mechanics,10.6
MAT-2024-0347,CHM 102,Practical Chemistry I,20.7
MAT-2024-0347,CSC 101,Introduction to Computer Science,14.8
MAT-2024-0347,MAT 102,General Mathematics II,6.8
MAT-2024-0348,STA 101,Introductory Statistics,1.2
MAT-2024-0348,GST 101,Use of English,7.5
MAT-2024-0348,MAT 101,General Mathematics I,0.0
MAT-2024-0348,CHM 101,General Chemistry I,7.3
MAT-2024-0348,ENG 101,Engineering Mechanics,9.0
MAT-2024-0348,CSC 102,Introduction to Problem Solving,8.1
MAT-2024-0348,BIO 101,General Biology I,10.0
MAT-2024-0348,CSC 101,Introduction to Computer Science,9.7
MAT-2024-0349,CHM 101,General Chemistry I,21.6
MAT-2024-0349,PHY 102,Practical Physics I,13.4
MAT-2024-0349,CSC 102,Introduction to Problem Solving,7.7
MAT-2024-0349,MAT 101,General Mathematics I,18.3
MAT-2024-0349,MAT 102,General Mathematics II,11.3
MAT-2024-0349,STA 101,Introductory Statistics,15.9
MAT-2024-0350,MAT 101,General Mathematics I,18.5
MAT-2024-0350,CHM 102,Practical Chemistry I,19.5
MAT-2024-0350,PHY 101,General Physics I,17.6
MAT-2024-0350,BIO 101,General Biology I,24.9
MAT-2024-0351,CSC 101,Introduction to Computer Science,16.3
MAT-2024-0351,ENG 101,Engineering Mechanics,14.3
MAT-2024-0351,CHM 102,Practical Chemistry I,17.3
MAT-2024-0351,GST 102,Nigerian Peoples and Culture,8.9
MAT-2024-0351,CHM 101,General Chemistry I,16.2
MAT-2024-0352,CHM 102,Practical Chemistry I,22.2
MAT-2024-0352,CHM 101,General Chemistry I,30.0
MAT-2024-0353,PHY 102,Practical Physics I,12.3
MAT-2024-0353,GST 101,Use of English,18.9
MAT-2024-0353,CSC 102,Introduction to Problem Solving,11.8
MAT-2024-0353,CSC 101,Introduction to Computer Science,19.7
MAT-2024-0353,BIO 101,General Biology I,12.1
MAT-2024-0353,MAT 102,General Mathematics II,23.6
MAT-2024-0354,CSC 102,Introduction to Problem Solving,15.5
MAT-2024-0354,PHY 102,Practical Physics I,16.6
MAT-2024-0354,STA 101,Introductory Statistics,18.4
MAT-2024-0354,ENG 101,Engineering Mechanics,12.2
MAT-2024-0354,GST 102,Nigerian Peoples and Culture,19.0
MAT-2024-0354,BIO 101,General Biology I,17.2
MAT-2024-0354,MAT 102,General Mathematics II,14.9
MAT-2024-0354,CHM 101,General Chemistry I,18.6
MAT-2024-0355,GST 101,Use of English,19.7
MAT-2024-0355,MAT 102,General Mathematics II,20.7
MAT-2024-0355,CHM 102,Practical Chemistry I,22.2
MAT-2024-0355,PHY 102,Practical Physics I,28.4
MAT-2024-0355,PHY 101,General Physics I,13.6
MAT-2024-0355,BIO 101,General Biology I,27.3
MAT-2024-0355,CHM 101,General Chemistry I,17.9
MAT-2024-0355,STA 101,Introductory Statistics,21.5
MAT-2024-0355,CSC 101,Introduction to Computer Science,19.1
MAT-2024-0355,MAT 101,General Mathematics I,29.4
MAT-2024-0355,ENG 101,Engineering Mechanics,20.0
MAT-2024-0356,MAT 101,General Mathematics I,21.0
MAT-2024-0356,GST 102,Nigerian Peoples and Culture,9.6
MAT-2024-0357,GST 101,Use of English,23.2
MAT-2024-0357,PHY 102,Practical Physics I,14.5
MAT-2024-0357,GST 102,Nigerian Peoples and Culture,13.5
MAT-2024-0357,CSC 101,Introduction to Computer Science,10.9
MAT-2024-0357,CSC 102,Introduction to Problem Solving,13.8
MAT-2024-0357,STA 101,Introductory Statistics,11.6
MAT-2024-0357,ENG 101,Engineering Mechanics,11.2
MAT-2024-0357,CHM 101,General Chemistry I,8.0
MAT-2024-0357,MAT 102,General Mathematics II,21.6
MAT-2024-0358,CHM 102,Practical Chemistry I,22.8
MAT-2024-0358,GST 101,Use of English,24.7
MAT-2024-0359,BIO 101,General Biology I,16.5
MAT-2024-0359,PHY 101,General Physics I,17.0
MAT-2024-0359,GST 102,Nigerian Peoples and Culture,16.1
MAT-2024-0359,MAT 102,General Mathematics II,13.3
MAT-2024-0359,MAT 101,General Mathematics I,16.2
MAT-2024-0359,PHY 102,Practical Physics I,11.6
MAT-2024-0359,CSC 102,Introduction to Problem Solving,14.4
MAT-2024-0359,CHM 101,General Chemistry I,11.1
MAT-2024-0359,GST 101,Use of English,7.7
MAT-2024-0359,STA 101,Introductory Statistics,15.3
MAT-2024-0360,MAT 101,General Mathematics I,15.8
MAT-2024-0360,GST 102,Nigerian Peoples and Culture,18.2
MAT-2024-0360,BIO 101,General Biology I,15.8
MAT-2024-0360,CHM 101,General Chemistry I,13.8
MAT-2024-0360,MAT 102,General Mathematics II,17.1
MAT-2024-0360,ENG 101,Engineering Mechanics,17.0
MAT-2024-0360,CSC 101,Introduction to Computer Science,24.9
MAT-2024-0360,CSC 102,Introduction to Problem Solving,14.2
MAT-2024-0360,PHY 101,General Physics I,16.8
MAT-2024-0360,STA 101,Introductory Statistics,16.4
MAT-2024-0361,ENG 101,Engineering Mechanics,14.6
MAT-2024-0362,CSC 102,Introduction to Problem Solving,11.2
MAT-2024-0362,PHY 101,General Physics I,6.4
MAT-2024-0362,GST 102,Nigerian Peoples and Culture,16.5
MAT-2024-0362,MAT 101,General Mathematics I,10.9
MAT-2024-0362,MAT 102,General Mathematics II,5.8
MAT-2024-0362,BIO 101,General Biology I,14.6
MAT-2024-0363,CHM 101,General Chemistry I,14.3
MAT-2024-0364,CSC 101,Introduction to Computer Science,10.8
MAT-2024-0364,MAT 102,General Mathematics II,13.8
MAT-2024-0364,CHM 102,Practical Chemistry I,4.9
MAT-2024-0364,ENG 101,Engineering Mechanics,10.0
MAT-2024-0364,STA 101,Introductory Statistics,6.6
MAT-2024-0364,PHY 102,Practical Physics I,17.1
MAT-2024-0364,GST 101,Use of English,9.9
MAT-2024-0365,ENG 101,Engineering Mechanics,9.6
MAT-2024-0365,PHY 101,General Physics I,18.3
MAT-2024-0365,CHM 102,Practical Chemistry I,12.7
MAT-2024-0365,GST 102,Nigerian Peoples and Culture,20.1
MAT-2024-0365,CSC 101,Introduction to Computer Science,19.1
MAT-2024-0365,STA 101,Introductory Statistics,16.0
MAT-2024-0365,MAT 101,General Mathematics I,25.7
MAT-2024-0366,GST 102,Nigerian Peoples and Culture,23.3
MAT-2024-0366,ENG 101,Engineering Mechanics,18.3
MAT-2024-0366,MAT 102,General Mathematics II,19.8
MAT-2024-0367,CSC 102,Introduction to Problem Solving,14.8
MAT-2024-0367,GST 101,Use of English,12.8
MAT-2024-0367,MAT 101,General Mathematics I,16.3
MAT-2024-0368,CHM 101,General Chemistry I,13.4
MAT-2024-0369,CHM 102,Practical Chemistry I,20.2
MAT-2024-0369,CSC 102,Introduction to Problem Solving,14.2
MAT-2024-0369,GST 102,Nigerian Peoples and Culture,13.3
MAT-2024-0369,ENG 101,Engineering Mechanics,7.8
MAT-2024-0369,MAT 102,General Mathematics II,14.6
MAT-2024-0369,PHY 102,Practical Physics I,11.6
MAT-2024-0369,BIO 101,General Biology I,12.9
MAT-2024-0369,PHY 101,General Physics I,8.2
MAT-2024-0370,BIO 101,General Biology I,21.7
MAT-2024-0370,STA 101,Introductory Statistics,16.1
MAT-2024-0370,CSC 101,Introduction to Computer Science,15.0
MAT-2024-0370,CHM 101,General Chemistry I,11.5
MAT-2024-0371,CSC 102,Introduction to Problem Solving,18.2
MAT-2024-0371,PHY 101,General Physics I,24.4
MAT-2024-0371,MAT 101,General Mathematics I,26.1
MAT-2024-0371,ENG 101,Engineering Mechanics,18.2
MAT-2024-0372,MAT 102,General Mathematics II,4.6
MAT-2024-0372,MAT 101,General Mathematics I,10.2
MAT-2024-0372,GST 101,Use of English,7.5
MAT-2024-0372,CHM 102,Practical Chemistry I,9.7
MAT-2024-0372,PHY 101,General Physics I,9.1
MAT-2024-0372,GST 102,Nigerian Peoples and Culture,6.2
MAT-2024-0372,CHM 101,General Chemistry I,7.4
MAT-2024-0372,CSC 102,Introduction to Problem Solving,6.4
MAT-2024-0372,PHY 102,Practical Physics I,8.3
MAT-2024-0372,STA 101,Introductory Statistics,4.5
MAT-2024-0373,CSC 102,Introduction to Problem Solving,16.2
MAT-2024-0373,MAT 101,General Mathematics I,18.2
MAT-2024-0373,ENG 101,Engineering Mechanics,12.2
MAT-2024-0373,BIO 101,General Biology I,21.4
MAT-2024-0374,GST 102,Nigerian Peoples and Culture,17.0
MAT-2024-0374,GST 101,Use of English,17.5
MAT-2024-0374,MAT 101,General Mathematics I,18.0
MAT-2024-0374,CSC 101,Introduction to Computer Science,24.5
MAT-2024-0375,CHM 101,General Chemistry I,15.4
MAT-2024-0375,GST 101,Use of English,14.7
MAT-2024-0375,PHY 102,Practical Physics I,16.6
MAT-2024-0375,STA 101,Introductory Statistics,14.5
MAT-2024-0375,CHM 102,Practical Chemistry I,15.9
MAT-2024-0375,CSC 102,Introduction to Problem Solving,16.3
MAT-2024-0375,CSC 101,Introduction to Computer Science,15.5
MAT-2024-0375,PHY 101,General Physics I,14.9
MAT-2024-0375,MAT 102,General Mathematics II,12.0
MAT-2024-0376,ENG 101,Engineering Mechanics,24.0
MAT-2024-0376,CHM 101,General Chemistry I,17.5
MAT-2024-0376,CSC 102,Introduction to Problem Solving,14.5
MAT-2024-0376,MAT 101,General Mathematics I,17.4
MAT-2024-0377,PHY 102,Practical Physics I,14.7
MAT-2024-0377,CSC 102,Introduction to Problem Solving,10.5
MAT-2024-0377,CSC 101,Introduction to Computer Science,4.8
MAT-2024-0377,ENG 101,Engineering Mechanics,4.9
MAT-2024-0377,GST 102,Nigerian Peoples and Culture,10.3
MAT-2024-0377,BIO 101,General Biology I,7.8
MAT-2024-0377,MAT 101,General Mathematics I,8.5
MAT-2024-0377,CHM 102,Practical Chemistry I,13.9
MAT-2024-0377,GST 101,Use of English,12.8
MAT-2024-0378,STA 101,Introductory Statistics,28.0
MAT-2024-0378,CSC 102,Introduction to Problem Solving,17.4
MAT-2024-0378,ENG 101,Engineering Mechanics,29.3
MAT-2024-0378,CHM 102,Practical Chemistry I,24.0
MAT-2024-0378,CSC 101,Introduction to Computer Science,20.4
MAT-2024-0378,CHM 101,General Chemistry I,14.7
MAT-2024-0378,GST 101,Use of English,15.3
MAT-2024-0378,PHY 101,General Physics I,21.3
MAT-2024-0378,BIO 101,General Biology I,20.8
MAT-2024-0379,GST 101,Use of English,16.8
MAT-2024-0379,MAT 102,General Mathematics II,16.0
MAT-2024-0379,CHM 101,General Chemistry I,16.7
MAT-2024-0379,CSC 101,Introduction to Computer Science,21.9
MAT-2024-0379,BIO 101,General Biology I,13.1
MAT-2024-0379,MAT 101,General Mathematics I,21.9
MAT-2024-0379,CHM 102,Practical Chemistry I,9.3
MAT-2024-0379,CSC 102,Introduction to Problem Solving,19.0
MAT-2024-0380,GST 102,Nigerian Peoples and Culture,19.9
MAT-2024-0380,MAT 102,General Mathematics II,18.0
MAT-2024-0380,CSC 101,Introduction to Computer Science,20.2
MAT-2024-0380,ENG 101,Engineering Mechanics,21.7
MAT-2024-0380,GST 101,Use of English,20.5
MAT-2024-0380,CHM 101,General Chemistry I,21.2
MAT-2024-0380,PHY 101,General Physics I,23.4
MAT-2024-0381,CHM 102,Practical Chemistry I,21.9
MAT-2024-0381,PHY 101,General Physics I,21.1
MAT-2024-0381,BIO 101,General Biology I,20.6
MAT-2024-0381,STA 101,Introductory Statistics,19.1
MAT-2024-0381,CSC 102,Introduction to Problem Solving,18.1
MAT-2024-0381,GST 101,Use of English,22.7
MAT-2024-0382,CHM 101,General Chemistry I,22.9
MAT-2024-0383,CHM 102,Practical Chemistry I,14.8
MAT-2024-0383,PHY 102,Practical Physics I,16.1
MAT-2024-0383,CSC 102,Introduction to Problem Solving,14.0
MAT-2024-0383,MAT 101,General Mathematics I,16.4
MAT-2024-0383,PHY 101,General Physics I,22.2
MAT-2024-0383,GST 101,Use of English,14.0
MAT-2024-0383,ENG 101,Engineering Mechanics,13.3
MAT-2024-0384,CSC 102,Introduction to Problem Solving,9.3
MAT-2024-0384,CHM 102,Practical Chemistry I,8.3
MAT-2024-0384,GST 102,Nigerian Peoples and Culture,23.7
MAT-2024-0384,GST 101,Use of English,11.7
MAT-2024-0384,BIO 101,General Biology I,5.0
MAT-2024-0384,PHY 102,Practical Physics I,18.6
MAT-2024-0384,ENG 101,Engineering Mechanics,15.1
MAT-2024-0384,CSC 101,Introduction to Computer Science,9.6
MAT-2024-0384,STA 101,Introductory Statistics,8.9
MAT-2024-0384,MAT 101,General Mathematics I,15.4
MAT-2024-0385,GST 101,Use of English,14.5
MAT-2024-0385,CSC 102,Introduction to Problem Solving,18.5
MAT-2024-0385,PHY 101,General Physics I,22.5
MAT-2024-0385,BIO 101,General Biology I,14.0
MAT-2024-0386,CSC 102,Introduction to Problem Solving,7.2
MAT-2024-0386,PHY 102,Practical Physics I,21.3
MAT-2024-0386,GST 101,Use of English,18.2
MAT-2024-0386,ENG 101,Engineering Mechanics,15.8
MAT-2024-0387,GST 102,Nigerian Peoples and Culture,9.4
MAT-2024-0387,STA 101,Introductory Statistics,15.6
MAT-2024-0387,CHM 101,General Chemistry I,19.9
MAT-2024-0387,ENG 101,Engineering Mechanics,13.5
MAT-2024-0388,GST 102,Nigerian Peoples and Culture,12.1
MAT-2024-0388,CHM 102,Practical Chemistry I,18.3
MAT-2024-0388,STA 101,Introductory Statistics,15.9
MAT-2024-0388,CHM 101,General Chemistry I,20.6
MAT-2024-0388,PHY 102,Practical Physics I,14.7
MAT-2024-0388,CSC 102,Introduction to Problem Solving,10.3
MAT-2024-0388,MAT 102,General Mathematics II,19.1
MAT-2024-0388,GST 101,Use of English,12.1
MAT-2024-0389,PHY 101,General Physics I,20.8
MAT-2024-0389,CSC 102,Introduction to Problem Solving,17.3
MAT-2024-0389,BIO 101,General Biology I,28.5
MAT-2024-0389,STA 101,Introductory Statistics,21.1
MAT-2024-0389,GST 101,Use of English,23.6
MAT-2024-0389,PHY 102,Practical Physics I,21.4
MAT-2024-0389,CSC 101,Introduction to Computer Science,26.9
MAT-2024-0389,GST 102,Nigerian Peoples and Culture,18.5
MAT-2024-0390,PHY 102,Practical Physics I,22.3
MAT-2024-0391,CSC 102,Introduction to Problem Solving,17.9
MAT-2024-0391,CSC 101,Introduction to Computer Science,19.7
MAT-2024-0391,MAT 101,General Mathematics I,23.2
MAT-2024-0391,CHM 101,General Chemistry I,17.8
MAT-2024-0392,PHY 102,Practical Physics I,17.6
MAT-2024-0392,MAT 102,General Mathematics II,23.7
MAT-2024-0392,ENG 101,Engineering Mechanics,22.8
MAT-2024-0392,CHM 101,General Chemistry I,26.6
MAT-2024-0392,CSC 101,Introduction to Computer Science,22.9
MAT-2024-0392,GST 101,Use of English,16.2
MAT-2024-0392,GST 102,Nigerian Peoples and Culture,22.3
MAT-2024-0392,PHY 101,General Physics I,19.4
MAT-2024-0392,BIO 101,General Biology I,23.6
MAT-2024-0393,GST 101,Use of English,15.9
MAT-2024-0393,BIO 101,General Biology I,15.2
MAT-2024-0393,GST 102,Nigerian Peoples and Culture,18.6
MAT-2024-0393,STA 101,Introductory Statistics,13.7
MAT-2024-0393,CHM 101,General Chemistry I,15.8
MAT-2024-0393,CSC 102,Introduction to Problem Solving,16.7
MAT-2024-0393,PHY 102,Practical Physics I,13.7
MAT-2024-0393,ENG 101,Engineering Mechanics,11.6
MAT-2024-0393,MAT 102,General Mathematics II,12.3
MAT-2024-0393,CHM 102,Practical Chemistry I,16.6
MAT-2024-0394,CSC 102,Introduction to Problem Solving,17.4
MAT-2024-0394,STA 101,Introductory Statistics,28.6
MAT-2024-0394,CSC 101,Introduction to Computer Science,22.8
MAT-2024-0395,CSC 102,Introduction to Problem Solving,13.3
MAT-2024-0395,GST 102,Nigerian Peoples and Culture,23.7
MAT-2024-0395,BIO 101,General Biology I,25.0
MAT-2024-0396,GST 102,Nigerian Peoples and Culture,16.1
MAT-2024-0396,CHM 102,Practical Chemistry I,24.5
MAT-2024-0396,MAT 101,General Mathematics I,20.7
MAT-2024-0397,MAT 101,General Mathematics I,16.3
MAT-2024-0397,PHY 101,General Physics I,10.5
MAT-2024-0397,CHM 102,Practical Chemistry I,10.9
MAT-2024-0397,MAT 102,General Mathematics II,9.0
MAT-2024-0397,PHY 102,Practical Physics I,6.5
MAT-2024-0397,ENG 101,Engineering Mechanics,13.1
MAT-2024-0397,CSC 102,Introduction to Problem Solving,19.6
MAT-2024-0397,STA 101,Introductory Statistics,19.7
MAT-2024-0397,BIO 101,General Biology I,15.2
MAT-2024-0398,CSC 102,Introduction to Problem Solving,21.0
MAT-2024-0398,CSC 101,Introduction to Computer Science,23.9
MAT-2024-0399,GST 101,Use of English,13.3
MAT-2024-0400,BIO 101,General Biology I,18.8
MAT-2024-0400,STA 101,Introductory Statistics,18.8
MAT-2024-0400,MAT 101,General Mathematics I,12.7
MAT-2024-0400,PHY 102,Practical Physics I,17.7
MAT-2024-0400,MAT 102,General Mathematics II,18.1
MAT-2024-0400,GST 102,Nigerian Peoples and Culture,12.9
MAT-2024-0400,CHM 102,Practical Chemistry I,20.4
MAT-2024-0400,ENG 101,Engineering Mechanics,18.5
MAT-2024-0400,CHM 101,General Chemistry I,26.1
MAT-2024-0401,ENG 101,Engineering Mechanics,19.0
MAT-2024-0401,MAT 101,General Mathematics I,22.6
MAT-2024-0401,CSC 102,Introduction to Problem Solving,20.8
MAT-2024-0401,GST 102,Nigerian Peoples and Culture,18.9
MAT-2024-0401,CHM 101,General Chemistry I,24.2
MAT-2024-0401,PHY 102,Practical Physics I,19.8
MAT-2024-0401,CHM 102,Practical Chemistry I,23.3
MAT-2024-0401,BIO 101,General Biology I,20.5
MAT-2024-0401,GST 101,Use of English,10.8
MAT-2024-0402,PHY 101,General Physics I,16.2
MAT-2024-0402,MAT 102,General Mathematics II,21.6
MAT-2024-0402,GST 102,Nigerian Peoples and Culture,14.4
MAT-2024-0403,GST 101,Use of English,6.2
MAT-2024-0403,MAT 102,General Mathematics II,13.9
MAT-2024-0403,PHY 102,Practical Physics I,13.8
MAT-2024-0404,CHM 101,General Chemistry I,12.4
MAT-2024-0404,STA 101,Introductory Statistics,13.6
MAT-2024-0404,MAT 102,General Mathematics II,8.1
MAT-2024-0404,ENG 101,Engineering Mechanics,11.8
MAT-2024-0404,PHY 101,General Physics I,15.2
MAT-2024-0404,CSC 102,Introduction to Problem Solving,8.5
MAT-2024-0404,GST 101,Use of English,18.2
MAT-2024-0404,PHY 102,Practical Physics I,18.7
MAT-2024-0404,CHM 102,Practical Chemistry I,8.6
MAT-2024-0405,CSC 102,Introduction to Problem Solving,20.6
MAT-2024-0405,GST 101,Use of English,10.6
MAT-2024-0405,CHM 101,General Chemistry I,16.4
MAT-2024-0405,PHY 101,General Physics I,17.1
MAT-2024-0406,CHM 102,Practical Chemistry I,20.8
MAT-2024-0406,MAT 101,General Mathematics I,18.9
MAT-2024-0406,PHY 101,General Physics I,18.2
MAT-2024-0406,ENG 101,Engineering Mechanics,13.7
MAT-2024-0406,PHY 102,Practical Physics I,15.2
MAT-2024-0406,GST 102,Nigerian Peoples and Culture,22.5
MAT-2024-0406,CHM 101,General Chemistry I,17.3
MAT-2024-0406,GST 101,Use of English,19.0
MAT-2024-0406,CSC 102,Introduction to Problem Solving,17.1
MAT-2024-0406,BIO 101,General Biology I,12.8
MAT-2024-0406,CSC 101,Introduction to Computer Science,21.3
MAT-2024-0407,PHY 101,General Physics I,12.3
MAT-2024-0407,BIO 101,General Biology I,18.2
MAT-2024-0407,ENG 101,Engineering Mechanics,12.9
MAT-2024-0408,MAT 102,General Mathematics II,10.0
MAT-2024-0408,STA 101,Introductory Statistics,17.0
MAT-2024-0408,PHY 102,Practical Physics I,11.5
MAT-2024-0408,PHY 101,General Physics I,11.8
MAT-2024-0408,GST 102,Nigerian Peoples and Culture,10.2
MAT-2024-0408,MAT 101,General Mathematics I,11.8
MAT-2024-0408,CHM 102,Practical Chemistry I,13.0
MAT-2024-0408,ENG 101,Engineering Mechanics,23.1
MAT-2024-0408,CHM 101,General Chemistry I,13.1
MAT-2024-0408,GST 101,Use of English,16.6
MAT-2024-0408,CSC 102,Introduction to Problem Solving,12.7
MAT-2024-0409,PHY 101,General Physics I,17.7
MAT-2024-0410,CHM 101,General Chemistry I,14.8
MAT-2024-0410,GST 102,Nigerian Peoples and Culture,22.1
MAT-2024-0410,PHY 102,Practical Physics I,21.2
MAT-2024-0410,MAT 101,General Mathematics I,18.2
MAT-2024-0410,CSC 101,Introduction to Computer Science,15.8
MAT-2024-0410,STA 101,Introductory Statistics,15.4
MAT-2024-0410,CHM 102,Practical Chemistry I,19.6
MAT-2024-0410,PHY 101,General Physics I,15.3
MAT-2024-0410,MAT 102,General Mathematics II,23.0
MAT-2024-0410,BIO 101,General Biology I,24.2
MAT-2024-0410,CSC 102,Introduction to Problem Solving,18.5
MAT-2024-0411,PHY 101,General Physics I,8.4
MAT-2024-0411,CHM 101,General Chemistry I,13.4
MAT-2024-0411,CSC 101,Introduction to Computer Science,10.2
MAT-2024-0411,PHY 102,Practical Physics I,12.4
MAT-2024-0411,GST 101,Use of English,9.9
MAT-2024-0411,ENG 101,Engineering Mechanics,14.0
MAT-2024-0411,STA 101,Introductory Statistics,17.7
MAT-2024-0412,STA 101,Introductory Statistics,22.8
MAT-2024-0412,ENG 101,Engineering Mechanics,22.7
MAT-2024-0412,CSC 101,Introduction to Computer Science,25.1
MAT-2024-0412,PHY 101,General Physics I,22.2
MAT-2024-0412,GST 102,Nigerian Peoples and Culture,29.2
MAT-2024-0412,MAT 102,General Mathematics II,24.4
MAT-2024-0412,MAT 101,General Mathematics I,28.1
MAT-2024-0412,CSC 102,Introduction to Problem Solving,24.8
MAT-2024-0412,GST 101,Use of English,27.5
MAT-2024-0413,PHY 101,General Physics I,17.4
MAT-2024-0413,STA 101,Introductory Statistics,21.1
MAT-2024-0413,PHY 102,Practical Physics I,15.8
MAT-2024-0413,CHM 102,Practical Chemistry I,14.7
MAT-2024-0414,ENG 101,Engineering Mechanics,21.9
MAT-2024-0414,STA 101,Introductory Statistics,15.5
MAT-2024-0414,MAT 101,General Mathematics I,20.3
MAT-2024-0414,CHM 101,General Chemistry I,16.7
MAT-2024-0414,BIO 101,General Biology I,17.1
MAT-2024-0414,GST 102,Nigerian Peoples and Culture,22.3
MAT-2024-0414,PHY 101,General Physics I,17.8
MAT-2024-0414,CSC 101,Introduction to Computer Science,15.6
MAT-2024-0414,PHY 102,Practical Physics I,13.0
MAT-2024-0414,GST 101,Use of English,19.9
MAT-2024-0415,CSC 101,Introduction to Computer Science,14.0
MAT-2024-0415,CHM 102,Practical Chemistry I,8.1
MAT-2024-0415,PHY 102,Practical Physics I,7.9
MAT-2024-0415,ENG 101,Engineering Mechanics,12.6
MAT-2024-0415,PHY 101,General Physics I,15.5
MAT-2024-0415,CHM 101,General Chemistry I,16.1
MAT-2024-0415,CSC 102,Introduction to Problem Solving,12.4
MAT-2024-0416,CSC 102,Introduction to Problem Solving,7.0
MAT-2024-0416,PHY 101,General Physics I,5.5
MAT-2024-0416,MAT 102,General Mathematics II,9.9
MAT-2024-0416,CHM 101,General Chemistry I,9.8
MAT-2024-0417,ENG 101,Engineering Mechanics,10.3
MAT-2024-0417,CSC 102,Introduction to Problem Solving,11.8
MAT-2024-0417,CHM 102,Practical Chemistry I,11.9
MAT-2024-0418,CSC 102,Introduction to Problem Solving,8.9
MAT-2024-0418,ENG 101,Engineering Mechanics,21.8
MAT-2024-0418,STA 101,Introductory Statistics,14.3
MAT-2024-0419,PHY 101,General Physics I,16.6
MAT-2024-0419,MAT 102,General Mathematics II,19.1
MAT-2024-0419,MAT 101,General Mathematics I,18.4
MAT-2024-0419,CHM 101,General Chemistry I,18.2
MAT-2024-0419,BIO 101,General Biology I,16.2
MAT-2024-0419,STA 101,Introductory Statistics,17.7
MAT-2024-0420,PHY 101,General Physics I,8.7
MAT-2024-0420,CSC 101,Introduction to Computer Science,17.8
MAT-2024-0420,MAT 102,General Mathematics II,17.0
MAT-2024-0420,CSC 102,Introduction to Problem Solving,12.4
MAT-2024-0420,ENG 101,Engineering Mechanics,21.8
MAT-2024-0421,GST 102,Nigerian Peoples and Culture,14.9
MAT-2024-0421,MAT 102,General Mathematics II,16.9
MAT-2024-0421,CSC 102,Introduction to Problem Solving,7.3
MAT-2024-0421,ENG 101,Engineering Mechanics,12.6
MAT-2024-0421,PHY 101,General Physics I,12.1
MAT-2024-0421,MAT 101,General Mathematics I,13.2
MAT-2024-0421,BIO 101,General Biology I,12.3
MAT-2024-0421,CSC 101,Introduction to Computer Science,8.4
MAT-2024-0422,PHY 101,General Physics I,13.9
MAT-2024-0422,PHY 102,Practical Physics I,10.1
MAT-2024-0422,CSC 102,Introduction to Problem Solving,7.9
MAT-2024-0422,STA 101,Introductory Statistics,11.1
MAT-2024-0422,ENG 101,Engineering Mechanics,14.2
MAT-2024-0422,MAT 101,General Mathematics I,17.3
MAT-2024-0422,CSC 101,Introduction to Computer Science,13.8
MAT-2024-0422,GST 101,Use of English,17.3
MAT-2024-0422,CHM 102,Practical Chemistry I,16.2
MAT-2024-0423,CSC 102,Introduction to Problem Solving,14.6
MAT-2024-0423,GST 102,Nigerian Peoples and Culture,19.9
MAT-2024-0424,PHY 102,Practical Physics I,14.2
MAT-2024-0424,GST 102,Nigerian Peoples and Culture,15.0
MAT-2024-0424,CSC 101,Introduction to Computer Science,12.2
MAT-2024-0424,ENG 101,Engineering Mechanics,17.3
MAT-2024-0425,CSC 101,Introduction to Computer Science,7.0
MAT-2024-0425,CHM 101,General Chemistry I,9.1
MAT-2024-0425,CSC 102,Introduction to Problem Solving,11.9
MAT-2024-0426,BIO 101,General Biology I,11.6
MAT-2024-0426,CSC 101,Introduction to Computer Science,19.0
MAT-2024-0426,PHY 101,General Physics I,9.6
MAT-2024-0426,CSC 102,Introduction to Problem Solving,7.6
MAT-2024-0426,ENG 101,Engineering Mechanics,10.7
MAT-2024-0427,ENG 101,Engineering Mechanics,17.1
MAT-2024-0427,CHM 101,General Chemistry I,16.9
MAT-2024-0427,BIO 101,General Biology I,21.0
MAT-2024-0427,PHY 101,General Physics I,16.5
MAT-2024-0427,STA 101,Introductory Statistics,22.7
MAT-2024-0428,GST 101,Use of English,23.7
MAT-2024-0428,CSC 102,Introduction to Problem Solving,14.7
MAT-2024-0428,CHM 102,Practical Chemistry I,26.2
MAT-2024-0428,BIO 101,General Biology I,17.9
MAT-2024-0428,MAT 102,General Mathematics II,17.5
MAT-2024-0429,PHY 101,General Physics I,26.2
MAT-2024-0429,CSC 101,Introduction to Computer Science,26.4
MAT-2024-0429,CHM 101,General Chemistry I,19.7
MAT-2024-0429,MAT 101,General Mathematics I,25.7
MAT-2024-0429,ENG 101,Engineering Mechanics,19.3
MAT-2024-0429,STA 101,Introductory Statistics,30.0
MAT-2024-0429,GST 102,Nigerian Peoples and Culture,20.0
MAT-2024-0429,CHM 102,Practical Chemistry I,20.8
MAT-2024-0430,MAT 102,General Mathematics II,17.1
MAT-2024-0430,STA 101,Introductory Statistics,10.6
MAT-2024-0430,BIO 101,General Biology I,16.9
MAT-2024-0430,CSC 102,Introduction to Problem Solving,21.8
MAT-2024-0430,ENG 101,Engineering Mechanics,21.9
MAT-2024-0430,CSC 101,Introduction to Computer Science,24.4
MAT-2024-0430,CHM 102,Practical Chemistry I,20.2
MAT-2024-0431,PHY 102,Practical Physics I,7.8
MAT-2024-0431,CSC 102,Introduction to Problem Solving,16.9
MAT-2024-0431,GST 101,Use of English,28.1
MAT-2024-0431,BIO 101,General Biology I,18.4
MAT-2024-0431,STA 101,Introductory Statistics,16.5
MAT-2024-0431,CSC 101,Introduction to Computer Science,21.7
MAT-2024-0432,STA 101,Introductory Statistics,12.4
MAT-2024-0432,CHM 101,General Chemistry I,15.7
MAT-2024-0432,CHM 102,Practical Chemistry I,14.7
MAT-2024-0432,BIO 101,General Biology I,20.3
MAT-2024-0432,GST 101,Use of English,23.3
MAT-2024-0432,MAT 102,General Mathematics II,20.8
MAT-2024-0432,GST 102,Nigerian Peoples and Culture,16.2
MAT-2024-0433,MAT 102,General Mathematics II,10.5
MAT-2024-0433,ENG 101,Engineering Mechanics,12.8
MAT-2024-0433,STA 101,Introductory Statistics,11.1
MAT-2024-0433,PHY 101,General Physics I,10.6
MAT-2024-0433,GST 101,Use of English,18.6
MAT-2024-0434,GST 102,Nigerian Peoples and Culture,25.1
MAT-2024-0434,CSC 101,Introduction to Computer Science,26.1
MAT-2024-0434,CHM 102,Practical Chemistry I,23.1
MAT-2024-0434,MAT 102,General Mathematics II,25.3
MAT-2024-0434,MAT 101,General Mathematics I,27.8
MAT-2024-0434,BIO 101,General Biology I,24.2
MAT-2024-0434,STA 101,Introductory Statistics,21.4
MAT-2024-0434,PHY 101,General Physics I,22.6
MAT-2024-0434,GST 101,Use of English,26.5
MAT-2024-0434,CSC 102,Introduction to Problem Solving,21.5
MAT-2024-0435,MAT 102,General Mathematics II,12.8
MAT-2024-0435,ENG 101,Engineering Mechanics,22.4
MAT-2024-0436,BIO 101,General Biology I,22.8
MAT-2024-0436,CSC 101,Introduction to Computer Science,14.0
MAT-2024-0436,CHM 102,Practical Chemistry I,15.2
MAT-2024-0436,CHM 101,General Chemistry I,23.4
MAT-2024-0436,GST 101,Use of English,13.1
MAT-2024-0436,PHY 102,Practical Physics I,20.6
MAT-2024-0436,STA 101,Introductory Statistics,17.3
MAT-2024-0436,PHY 101,General Physics I,19.3
MAT-2024-0436,GST 102,Nigerian Peoples and Culture,14.5
MAT-2024-0436,MAT 102,General Mathematics II,20.5
MAT-2024-0436,MAT 101,General Mathematics I,15.1
MAT-2024-0437,PHY 102,Practical Physics I,18.3
MAT-2024-0437,BIO 101,General Biology I,16.4
MAT-2024-0437,MAT 102,General Mathematics II,17.7
MAT-2024-0437,ENG 101,Engineering Mechanics,19.2
MAT-2024-0437,GST 102,Nigerian Peoples and Culture,14.3
MAT-2024-0437,CHM 102,Practical Chemistry I,10.6
MAT-2024-0437,CHM 101,General Chemistry I,8.9
MAT-2024-0437,MAT 101,General Mathematics I,20.7
MAT-2024-0438,CSC 102,Introduction to Problem Solving,25.7
MAT-2024-0438,GST 102,Nigerian Peoples and Culture,23.4
MAT-2024-0438,PHY 102,Practical Physics I,28.8
MAT-2024-0438,PHY 101,General Physics I,26.3
MAT-2024-0438,CHM 102,Practical Chemistry I,20.1
MAT-2024-0438,GST 101,Use of English,26.6
MAT-2024-0439,CHM 102,Practical Chemistry I,17.5
MAT-2024-0439,STA 101,Introductory Statistics,18.4
MAT-2024-0439,CSC 101,Introduction to Computer Science,18.0
MAT-2024-0439,PHY 102,Practical Physics I,8.4
MAT-2024-0439,MAT 101,General Mathematics I,12.1
MAT-2024-0439,ENG 101,Engineering Mechanics,17.7
MAT-2024-0439,BIO 101,General Biology I,17.2
MAT-2024-0439,MAT 102,General Mathematics II,13.2
MAT-2024-0439,GST 101,Use of English,19.3
MAT-2024-0439,GST 102,Nigerian Peoples and Culture,15.4
MAT-2024-0439,CHM 101,General Chemistry I,19.9
MAT-2024-0440,CHM 101,General Chemistry I,15.3
MAT-2024-0440,GST 101,Use of English,6.5
MAT-2024-0441,CSC 102,Introduction to Problem Solving,19.3
MAT-2024-0441,GST 102,Nigerian Peoples and Culture,25.5
MAT-2024-0441,MAT 102,General Mathematics II,18.1
MAT-2024-0441,PHY 102,Practical Physics I,28.4
MAT-2024-0441,GST 101,Use of English,23.8
MAT-2024-0441,BIO 101,General Biology I,26.6
MAT-2024-0441,CSC 101,Introduction to Computer Science,15.9
MAT-2024-0441,CHM 102,Practical Chemistry I,25.5
MAT-2024-0441,STA 101,Introductory Statistics,22.8
MAT-2024-0442,PHY 102,Practical Physics I,17.0
MAT-2024-0442,CSC 102,Introduction to Problem Solving,11.8
MAT-2024-0442,GST 102,Nigerian Peoples and Culture,12.3
MAT-2024-0442,CSC 101,Introduction to Computer Science,18.9
MAT-2024-0442,STA 101,Introductory Statistics,20.4
MAT-2024-0442,MAT 101,General Mathematics I,19.4
MAT-2024-0442,GST 101,Use of English,20.5
MAT-2024-0442,BIO 101,General Biology I,16.9
MAT-2024-0442,MAT 102,General Mathematics II,21.0
MAT-2024-0442,ENG 101,Engineering Mechanics,19.4
MAT-2024-0442,CHM 102,Practical Chemistry I,15.5
MAT-2024-0443,CSC 102,Introduction to Problem Solving,18.8
MAT-2024-0443,CSC 101,Introduction to Computer Science,15.3
MAT-2024-0444,CHM 101,General Chemistry I,14.8
MAT-2024-0444,STA 101,Introductory Statistics,17.8
MAT-2024-0444,BIO 101,General Biology I,10.7
MAT-2024-0444,GST 101,Use of English,9.7
MAT-2024-0444,GST 102,Nigerian Peoples and Culture,12.6
MAT-2024-0444,CHM 102,Practical Chemistry I,16.6
MAT-2024-0445,BIO 101,General Biology I,20.1
MAT-2024-0445,PHY 101,General Physics I,24.5
MAT-2024-0445,MAT 102,General Mathematics II,30.0
MAT-2024-0445,CHM 102,Practical Chemistry I,30.0
MAT-2024-0445,STA 101,Introductory Statistics,22.5
MAT-2024-0445,CSC 102,Introduction to Problem Solving,30.0
MAT-2024-0446,MAT 101,General Mathematics I,3.5
MAT-2024-0446,CSC 102,Introduction to Problem Solving,11.1
MAT-2024-0446,PHY 101,General Physics I,10.6
MAT-2024-0446,MAT 102,General Mathematics II,9.2
MAT-2024-0446,STA 101,Introductory Statistics,12.0
MAT-2024-0447,PHY 101,General Physics I,16.6
MAT-2024-0447,CHM 102,Practical Chemistry I,17.9
MAT-2024-0447,CSC 101,Introduction to Computer Science,15.2
MAT-2024-0447,GST 101,Use of English,15.7
MAT-2024-0447,GST 102,Nigerian Peoples and Culture,17.4
MAT-2024-0447,CSC 102,Introduction to Problem Solving,17.8
MAT-2024-0447,CHM 101,General Chemistry I,17.0
MAT-2024-0447,MAT 102,General Mathematics II,23.9
MAT-2024-0447,BIO 101,General Biology I,13.1
MAT-2024-0447,PHY 102,Practical Physics I,16.8
MAT-2024-0447,STA 101,Introductory Statistics,10.7
MAT-2024-0448,MAT 102,General Mathematics II,18.0
MAT-2024-0448,ENG 101,Engineering Mechanics,18.5
MAT-2024-0448,CHM 102,Practical Chemistry I,20.2
MAT-2024-0448,CSC 101,Introduction to Computer Science,16.9
MAT-2024-0449,CHM 102,Practical Chemistry I,18.9
MAT-2024-0449,MAT 102,General Mathematics II,20.4
MAT-2024-0449,ENG 101,Engineering Mechanics,15.7
MAT-2024-0450,MAT 101,General Mathematics I,10.6
MAT-2024-0450,CSC 102,Introduction to Problem Solving,17.9
MAT-2024-0450,PHY 102,Practical Physics I,10.8
MAT-2024-0450,GST 101,Use of English,18.9
MAT-2024-0450,BIO 101,General Biology I,12.7
MAT-2024-0450,ENG 101,Engineering Mechanics,8.9
MAT-2024-0450,CHM 102,Practical Chemistry I,15.7
MAT-2024-0451,CSC 102,Introduction to Problem Solving,18.3
MAT-2024-0452,GST 101,Use of English,16.6
MAT-2024-0452,CHM 101,General Chemistry I,21.1
MAT-2024-0452,PHY 101,General Physics I,8.2
MAT-2024-0452,PHY 102,Practical Physics I,12.5
MAT-2024-0453,MAT 102,General Mathematics II,8.3
MAT-2024-0453,GST 102,Nigerian Peoples and Culture,15.1
MAT-2024-0454,STA 101,Introductory Statistics,24.7
MAT-2024-0454,MAT 102,General Mathematics II,22.2
MAT-2024-0454,GST 101,Use of English,30.0
MAT-2024-0455,PHY 101,General Physics I,22.9
MAT-2024-0455,CHM 101,General Chemistry I,21.3
MAT-2024-0455,CHM 102,Practical Chemistry I,17.0
MAT-2024-0455,BIO 101,General Biology I,13.5
MAT-2024-0455,GST 102,Nigerian Peoples and Culture,19.9
MAT-2024-0455,STA 101,Introductory Statistics,22.6
MAT-2024-0455,CSC 102,Introduction to Problem Solving,21.2
MAT-2024-0455,GST 101,Use of English,22.5
MAT-2024-0456,ENG 101,Engineering Mechanics,9.8
MAT-2024-0456,PHY 102,Practical Physics I,8.9
MAT-2024-0456,PHY 101,General Physics I,5.5
MAT-2024-0456,STA 101,Introductory Statistics,14.9
MAT-2024-0456,CSC 102,Introduction to Problem Solving,9.1
MAT-2024-0456,BIO 101,General Biology I,23.1
MAT-2024-0456,CHM 101,General Chemistry I,17.1
MAT-2024-0456,CHM 102,Practical Chemistry I,9.8
MAT-2024-0456,CSC 101,Introduction to Computer Science,19.1
MAT-2024-0456,MAT 101,General Mathematics I,19.1
MAT-2024-0457,CSC 101,Introduction to Computer Science,13.0
MAT-2024-0457,STA 101,Introductory Statistics,15.3
MAT-2024-0457,PHY 101,General Physics I,10.1
MAT-2024-0457,GST 101,Use of English,14.7
MAT-2024-0457,CHM 101,General Chemistry I,10.9
MAT-2024-0457,CHM 102,Practical Chemistry I,1.4
MAT-2024-0457,BIO 101,General Biology I,11.3
MAT-2024-0457,MAT 102,General Mathematics II,10.8
MAT-2024-0457,ENG 101,Engineering Mechanics,11.9
MAT-2024-0457,PHY 102,Practical Physics I,12.5
MAT-2024-0457,GST 102,Nigerian Peoples and Culture,8.8
MAT-2024-0458,CSC 101,Introduction to Computer Science,11.7
MAT-2024-0458,PHY 102,Practical Physics I,20.8
MAT-2024-0458,ENG 101,Engineering Mechanics,8.3
MAT-2024-0458,CHM 102,Practical Chemistry I,0.6
MAT-2024-0458,MAT 102,General Mathematics II,1.3
MAT-2024-0458,BIO 101,General Biology I,8.3
MAT-2024-0458,STA 101,Introductory Statistics,4.5
MAT-2024-0458,CHM 101,General Chemistry I,15.7
MAT-2024-0458,PHY 101,General Physics I,12.6
MAT-2024-0458,CSC 102,Introduction to Problem Solving,3.0
MAT-2024-0459,CHM 101,General Chemistry I,7.2
MAT-2024-0459,CSC 101,Introduction to Computer Science,13.2
MAT-2024-0459,CSC 102,Introduction to Problem Solving,14.7
MAT-2024-0459,STA 101,Introductory Statistics,11.6
MAT-2024-0459,BIO 101,General Biology I,13.9
MAT-2024-0459,MAT 101,General Mathematics I,8.5
MAT-2024-0459,ENG 101,Engineering Mechanics,8.6
MAT-2024-0459,CHM 102,Practical Chemistry I,13.4
MAT-2024-0460,BIO 101,General Biology I,18.4
MAT-2024-0461,GST 101,Use of English,17.8
MAT-2024-0461,ENG 101,Engineering Mechanics,6.6
MAT-2024-0461,GST 102,Nigerian Peoples and Culture,17.3
MAT-2024-0462,CHM 102,Practical Chemistry I,30.0
MAT-2024-0462,BIO 101,General Biology I,21.4
MAT-2024-0462,ENG 101,Engineering Mechanics,24.5
MAT-2024-0462,CSC 102,Introduction to Problem Solving,23.9
MAT-2024-0462,MAT 102,General Mathematics II,25.8
MAT-2024-0462,PHY 102,Practical Physics I,22.3
MAT-2024-0462,GST 101,Use of English,22.9
MAT-2024-0462,PHY 101,General Physics I,21.1
MAT-2024-0462,MAT 101,General Mathematics I,28.4
MAT-2024-0463,MAT 101,General Mathematics I,14.1
MAT-2024-0463,GST 101,Use of English,18.1
MAT-2024-0463,CHM 101,General Chemistry I,13.6
MAT-2024-0463,MAT 102,General Mathematics II,18.2
MAT-2024-0463,CHM 102,Practical Chemistry I,7.3
MAT-2024-0463,CSC 102,Introduction to Problem Solving,9.3
MAT-2024-0463,GST 102,Nigerian Peoples and Culture,5.8
MAT-2024-0463,CSC 101,Introduction to Computer Science,10.4
MAT-2024-0463,PHY 101,General Physics I,22.5
MAT-2024-0463,BIO 101,General Biology I,15.0
MAT-2024-0464,CSC 102,Introduction to Problem Solving,9.1
MAT-2024-0464,BIO 101,General Biology I,13.9
MAT-2024-0464,GST 102,Nigerian Peoples and Culture,21.5
MAT-2024-0464,CHM 102,Practical Chemistry I,17.6
MAT-2024-0464,PHY 101,General Physics I,14.2
MAT-2024-0464,PHY 102,Practical Physics I,18.1
MAT-2024-0464,CSC 101,Introduction to Computer Science,18.2
MAT-2024-0464,CHM 101,General Chemistry I,12.3
MAT-2024-0464,ENG 101,Engineering Mechanics,14.6
MAT-2024-0464,MAT 101,General Mathematics I,17.5
MAT-2024-0465,GST 102,Nigerian Peoples and Culture,21.9
MAT-2024-0465,GST 101,Use of English,23.1
MAT-2024-0465,ENG 101,Engineering Mechanics,21.9
MAT-2024-0465,PHY 101,General Physics I,27.2
MAT-2024-0465,CSC 102,Introduction to Problem Solving,21.2
MAT-2024-0465,CHM 101,General Chemistry I,27.4
MAT-2024-0465,CHM 102,Practical Chemistry I,21.8
MAT-2024-0465,MAT 101,General Mathematics I,18.8
MAT-2024-0466,CHM 101,General Chemistry I,19.2
MAT-2024-0466,STA 101,Introductory Statistics,18.9
MAT-2024-0466,PHY 101,General Physics I,22.4
MAT-2024-0466,BIO 101,General Biology I,21.1
MAT-2024-0466,CHM 102,Practical Chemistry I,14.4
MAT-2024-0466,GST 101,Use of English,17.1
MAT-2024-0466,GST 102,Nigerian Peoples and Culture,26.5
MAT-2024-0466,CSC 102,Introduction to Problem Solving,20.3
MAT-2024-0467,CSC 102,Introduction to Problem Solving,18.0
MAT-2024-0467,STA 101,Introductory Statistics,16.6
MAT-2024-0467,PHY 102,Practical Physics I,16.6
MAT-2024-0467,ENG 101,Engineering Mechanics,19.9
MAT-2024-0467,CSC 101,Introduction to Computer Science,9.5
MAT-2024-0467,GST 102,Nigerian Peoples and Culture,24.5
MAT-2024-0467,CHM 102,Practical Chemistry I,18.3
MAT-2024-0467,PHY 101,General Physics I,14.7
MAT-2024-0467,MAT 102,General Mathematics II,22.8
MAT-2024-0467,MAT 101,General Mathematics I,16.7
MAT-2024-0468,STA 101,Introductory Statistics,18.7
MAT-2024-0468,GST 102,Nigerian Peoples and Culture,14.0
MAT-2024-0468,CHM 101,General Chemistry I,18.0
MAT-2024-0468,PHY 102,Practical Physics I,20.0
MAT-2024-0468,CSC 102,Introduction to Problem Solving,16.6
MAT-2024-0468,CSC 101,Introduction to Computer Science,15.4
MAT-2024-0468,BIO 101,General Biology I,17.1
MAT-2024-0468,MAT 102,General Mathematics II,16.7
MAT-2024-0468,ENG 101,Engineering Mechanics,19.5
MAT-2024-0468,CHM 102,Practical Chemistry I,18.7
MAT-2024-0469,CHM 101,General Chemistry I,15.1
MAT-2024-0469,GST 102,Nigerian Peoples and Culture,11.9
MAT-2024-0469,CHM 102,Practical Chemistry I,14.6
MAT-2024-0469,PHY 101,General Physics I,8.4
MAT-2024-0469,CSC 101,Introduction to Computer Science,7.8
MAT-2024-0469,ENG 101,Engineering Mechanics,7.1
MAT-2024-0469,MAT 101,General Mathematics I,10.4
MAT-2024-0469,CSC 102,Introduction to Problem Solving,12.0
MAT-2024-0469,PHY 102,Practical Physics I,8.9
MAT-2024-0469,MAT 102,General Mathematics II,17.4
MAT-2024-0470,CSC 101,Introduction to Computer Science,17.8
MAT-2024-0470,CSC 102,Introduction to Problem Solving,21.3
MAT-2024-0470,STA 101,Introductory Statistics,16.8
MAT-2024-0470,GST 101,Use of English,25.5
MAT-2024-0471,ENG 101,Engineering Mechanics,15.6
MAT-2024-0471,BIO 101,General Biology I,16.5
MAT-2024-0471,CSC 101,Introduction to Computer Science,19.1
MAT-2024-0471,PHY 102,Practical Physics I,18.0
MAT-2024-0471,CHM 101,General Chemistry I,19.6
MAT-2024-0471,MAT 102,General Mathematics II,15.3
MAT-2024-0471,GST 101,Use of English,12.5
MAT-2024-0471,CSC 102,Introduction to Problem Solving,22.9
MAT-2024-0471,MAT 101,General Mathematics I,15.7
MAT-2024-0471,GST 102,Nigerian Peoples and Culture,14.1
MAT-2024-0471,PHY 101,General Physics I,10.8
MAT-2024-0472,CSC 102,Introduction to Problem Solving,6.0
MAT-2024-0472,CHM 101,General Chemistry I,15.7
MAT-2024-0472,STA 101,Introductory Statistics,15.1
MAT-2024-0472,BIO 101,General Biology I,14.2
MAT-2024-0472,PHY 102,Practical Physics I,11.5
MAT-2024-0472,CHM 102,Practical Chemistry I,14.0
MAT-2024-0472,MAT 102,General Mathematics II,12.1
MAT-2024-0472,MAT 101,General Mathematics I,12.9
MAT-2024-0472,GST 102,Nigerian Peoples and Culture,17.5
MAT-2024-0473,CHM 102,Practical Chemistry I,22.2
MAT-2024-0473,MAT 102,General Mathematics II,16.8
MAT-2024-0473,STA 101,Introductory Statistics,16.4
MAT-2024-0473,PHY 101,General Physics I,8.1
MAT-2024-0473,GST 102,Nigerian Peoples and Culture,11.8
MAT-2024-0473,ENG 101,Engineering Mechanics,17.5
MAT-2024-0473,PHY 102,Practical Physics I,15.1
MAT-2024-0473,GST 101,Use of English,17.1
MAT-2024-0474,BIO 101,General Biology I,10.3
MAT-2024-0474,CHM 101,General Chemistry I,13.8
MAT-2024-0474,STA 101,Introductory Statistics,3.8
MAT-2024-0474,CSC 102,Introduction to Problem Solving,6.0
MAT-2024-0475,GST 102,Nigerian Peoples and Culture,20.4
MAT-2024-0475,PHY 102,Practical Physics I,24.1
MAT-2024-0475,CSC 101,Introduction to Computer Science,22.0
MAT-2024-0475,CSC 102,Introduction to Problem Solving,22.8
MAT-2024-0475,BIO 101,General Biology I,24.5
MAT-2024-0475,STA 101,Introductory Statistics,16.8
MAT-2024-0476,MAT 102,General Mathematics II,13.6
MAT-2024-0476,MAT 101,General Mathematics I,12.7
MAT-2024-0476,CSC 102,Introduction to Problem Solving,18.2
MAT-2024-0476,PHY 101,General Physics I,22.5
MAT-2024-0476,BIO 101,General Biology I,10.2
MAT-2024-0476,CHM 102,Practical Chemistry I,19.3
MAT-2024-0476,GST 102,Nigerian Peoples and Culture,22.1
MAT-2024-0476,PHY 102,Practical Physics I,13.4
MAT-2024-0476,GST 101,Use of English,16.0
MAT-2024-0476,CHM 101,General Chemistry I,20.8
MAT-2024-0476,ENG 101,Engineering Mechanics,21.9
MAT-2024-0477,GST 101,Use of English,15.7
MAT-2024-0477,CSC 102,Introduction to Problem Solving,13.9
MAT-2024-0477,CSC 101,Introduction to Computer Science,4.3
MAT-2024-0477,CHM 101,General Chemistry I,12.5
MAT-2024-0477,CHM 102,Practical Chemistry I,15.3
MAT-2024-0477,PHY 102,Practical Physics I,8.5
MAT-2024-0477,MAT 101,General Mathematics I,10.9
MAT-2024-0478,STA 101,Introductory Statistics,18.8
MAT-2024-0478,CHM 101,General Chemistry I,11.1
MAT-2024-0478,PHY 101,General Physics I,13.5
MAT-2024-0478,MAT 102,General Mathematics II,15.8
MAT-2024-0478,CSC 101,Introduction to Computer Science,12.2
MAT-2024-0478,MAT 101,General Mathematics I,15.8
MAT-2024-0478,GST 101,Use of English,16.2
MAT-2024-0478,PHY 102,Practical Physics I,18.3
MAT-2024-0478,GST 102,Nigerian Peoples and Culture,11.6
MAT-2024-0478,CHM 102,Practical Chemistry I,10.2
MAT-2024-0478,ENG 101,Engineering Mechanics,12.7
MAT-2024-0479,PHY 101,General Physics I,10.8
MAT-2024-0479,CSC 102,Introduction to Problem Solving,15.9
MAT-2024-0479,MAT 102,General Mathematics II,14.4
MAT-2024-0479,MAT 101,General Mathematics I,10.1
MAT-2024-0479,GST 101,Use of English,10.2
MAT-2024-0479,BIO 101,General Biology I,14.6
MAT-2024-0479,PHY 102,Practical Physics I,14.4
MAT-2024-0479,CHM 102,Practical Chemistry I,16.0
MAT-2024-0479,CHM 101,General Chemistry I,12.2
MAT-2024-0479,STA 101,Introductory Statistics,10.7
MAT-2024-0479,CSC 101,Introduction to Computer Science,14.5
MAT-2024-0480,BIO 101,General Biology I,17.6
MAT-2024-0480,MAT 101,General Mathematics I,15.7
MAT-2024-0480,CSC 102,Introduction to Problem Solving,20.2
MAT-2024-0480,STA 101,Introductory Statistics,16.7
MAT-2024-0480,PHY 101,General Physics I,15.0
MAT-2024-0480,ENG 101,Engineering Mechanics,8.9
MAT-2024-0480,PHY 102,Practical Physics I,17.0
MAT-2024-0480,GST 102,Nigerian Peoples and Culture,21.7
MAT-2024-0480,GST 101,Use of English,22.4
MAT-2024-0480,CHM 102,Practical Chemistry I,17.6
MAT-2024-0480,CHM 101,General Chemistry I,13.8
MAT-2024-0481,PHY 101,General Physics I,20.4
MAT-2024-0481,CSC 102,Introduction to Problem Solving,21.7
MAT-2024-0481,MAT 102,General Mathematics II,22.7
MAT-2024-0481,CHM 102,Practical Chemistry I,16.1
MAT-2024-0481,STA 101,Introductory Statistics,22.3
MAT-2024-0481,GST 102,Nigerian Peoples and Culture,26.7
MAT-2024-0481,CSC 101,Introduction to Computer Science,17.1
MAT-2024-0482,ENG 101,Engineering Mechanics,23.0
MAT-2024-0482,CSC 101,Introduction to Computer Science,15.6
MAT-2024-0482,CHM 102,Practical Chemistry I,20.0
MAT-2024-0483,CSC 101,Introduction to Computer Science,18.9
MAT-2024-0483,PHY 101,General Physics I,29.0
MAT-2024-0483,GST 102,Nigerian Peoples and Culture,20.2
MAT-2024-0483,PHY 102,Practical Physics I,18.5
MAT-2024-0483,MAT 101,General Mathematics I,14.6
MAT-2024-0483,MAT 102,General Mathematics II,18.7
MAT-2024-0483,GST 101,Use of English,21.9
MAT-2024-0483,BIO 101,General Biology I,13.8
MAT-2024-0483,CSC 102,Introduction to Problem Solving,16.3
MAT-2024-0483,CHM 101,General Chemistry I,18.2
MAT-2024-0483,ENG 101,Engineering Mechanics,17.0
MAT-2024-0484,CHM 102,Practical Chemistry I,20.0
MAT-2024-0484,BIO 101,General Biology I,17.7
MAT-2024-0484,GST 101,Use of English,20.3
MAT-2024-0484,PHY 101,General Physics I,19.4
MAT-2024-0484,PHY 102,Practical Physics I,28.6
MAT-2024-0484,CSC 101,Introduction to Computer Science,15.9
MAT-2024-0484,ENG 101,Engineering Mechanics,21.3
MAT-2024-0484,MAT 101,General Mathematics I,20.7
MAT-2024-0484,CHM 101,General Chemistry I,20.3
MAT-2024-0484,MAT 102,General Mathematics II,20.3
MAT-2024-0485,ENG 101,Engineering Mechanics,22.7
MAT-2024-0485,STA 101,Introductory Statistics,25.9
MAT-2024-0485,CSC 101,Introduction to Computer Science,22.2
MAT-2024-0485,GST 101,Use of English,18.8
MAT-2024-0485,CHM 101,General Chemistry I,23.0
MAT-2024-0485,PHY 101,General Physics I,18.6
MAT-2024-0486,GST 102,Nigerian Peoples and Culture,11.7
MAT-2024-0486,PHY 102,Practical Physics I,15.5
MAT-2024-0486,CSC 102,Introduction to Problem Solving,17.3
MAT-2024-0486,CHM 102,Practical Chemistry I,14.2
MAT-2024-0487,MAT 102,General Mathematics II,13.4
MAT-2024-0487,CSC 102,Introduction to Problem Solving,11.7
MAT-2024-0487,MAT 101,General Mathematics I,15.5
MAT-2024-0487,CHM 101,General Chemistry I,23.0
MAT-2024-0487,GST 101,Use of English,19.3
MAT-2024-0488,PHY 102,Practical Physics I,16.6
MAT-2024-0488,GST 102,Nigerian Peoples and Culture,16.8
MAT-2024-0488,GST 101,Use of English,18.9
MAT-2024-0488,ENG 101,Engineering Mechanics,21.5
MAT-2024-0488,CHM 101,General Chemistry I,18.3
MAT-2024-0488,MAT 101,General Mathematics I,19.5
MAT-2024-0488,MAT 102,General Mathematics II,12.6
MAT-2024-0488,PHY 101,General Physics I,15.3
MAT-2024-0488,CHM 102,Practical Chemistry I,9.5
MAT-2024-0489,PHY 101,General Physics I,18.0
MAT-2024-0489,GST 101,Use of English,14.1
MAT-2024-0489,BIO 101,General Biology I,18.4
MAT-2024-0489,PHY 102,Practical Physics I,9.8
MAT-2024-0489,MAT 102,General Mathematics II,20.0
MAT-2024-0489,MAT 101,General Mathematics I,20.5
MAT-2024-0489,CSC 101,Introduction to Computer Science,25.4
MAT-2024-0490,CSC 101,Introduction to Computer Science,25.5
MAT-2024-0490,ENG 101,Engineering Mechanics,22.1
MAT-2024-0490,PHY 102,Practical Physics I,24.4
MAT-2024-0490,CSC 102,Introduction to Problem Solving,21.0
MAT-2024-0490,STA 101,Introductory Statistics,22.3
MAT-2024-0490,MAT 102,General Mathematics II,15.5
MAT-2024-0491,MAT 102,General Mathematics II,13.4
MAT-2024-0491,PHY 101,General Physics I,11.8
MAT-2024-0491,MAT 101,General Mathematics I,17.3
MAT-2024-0491,PHY 102,Practical Physics I,19.4
MAT-2024-0491,CSC 102,Introduction to Problem Solving,19.6
MAT-2024-0491,CHM 102,Practical Chemistry I,18.6
MAT-2024-0491,CSC 101,Introduction to Computer Science,14.3
MAT-2024-0491,GST 102,Nigerian Peoples and Culture,19.1
MAT-2024-0492,MAT 101,General Mathematics I,18.4
MAT-2024-0493,GST 102,Nigerian Peoples and Culture,21.6
MAT-2024-0493,CHM 101,General Chemistry I,14.9
MAT-2024-0493,CHM 102,Practical Chemistry I,17.9
MAT-2024-0493,MAT 102,General Mathematics II,22.1
MAT-2024-0493,ENG 101,Engineering Mechanics,21.3
MAT-2024-0493,PHY 102,Practical Physics I,18.3
MAT-2024-0493,STA 101,Introductory Statistics,21.1
MAT-2024-0494,PHY 101,General Physics I,10.0
MAT-2024-0494,CHM 102,Practical Chemistry I,20.1
MAT-2024-0494,GST 102,Nigerian Peoples and Culture,19.6
MAT-2024-0494,CSC 102,Introduction to Problem Solving,19.8
MAT-2024-0494,CSC 101,Introduction to Computer Science,18.1
MAT-2024-0494,CHM 101,General Chemistry I,21.3
MAT-2024-0494,MAT 101,General Mathematics I,22.2
MAT-2024-0495,PHY 101,General Physics I,15.7
MAT-2024-0495,GST 102,Nigerian Peoples and Culture,13.5
MAT-2024-0495,GST 101,Use of English,19.1
MAT-2024-0495,CSC 101,Introduction to Computer Science,12.6
MAT-2024-0495,CSC 102,Introduction to Problem Solving,17.0
MAT-2024-0496,ENG 101,Engineering Mechanics,24.0
MAT-2024-0496,PHY 102,Practical Physics I,24.4
MAT-2024-0496,CHM 102,Practical Chemistry I,26.1
MAT-2024-0496,PHY 101,General Physics I,23.1
MAT-2024-0496,CHM 101,General Chemistry I,19.6
MAT-2024-0496,MAT 102,General Mathematics II,24.6
MAT-2024-0497,MAT 101,General Mathematics I,4.5
MAT-2024-0497,GST 101,Use of English,0.9
MAT-2024-0497,PHY 101,General Physics I,11.5
MAT-2024-0497,ENG 101,Engineering Mechanics,12.8
MAT-2024-0498,BIO 101,General Biology I,12.1
MAT-2024-0498,PHY 102,Practical Physics I,18.3
MAT-2024-0499,MAT 101,General Mathematics I,13.1
MAT-2024-0499,CHM 101,General Chemistry I,10.2
MAT-2024-0499,CHM 102,Practical Chemistry I,19.6
MAT-2024-0499,CSC 101,Introduction to Computer Science,16.5
MAT-2024-0499,PHY 101,General Physics I,15.5
MAT-2024-0499,MAT 102,General Mathematics II,18.3
MAT-2024-0499,STA 101,Introductory Statistics,5.3
MAT-2024-0499,GST 102,Nigerian Peoples and Culture,15.7
MAT-2024-0499,BIO 101,General Biology I,8.1
MAT-2024-0499,ENG 101,Engineering Mechanics,13.4
MAT-2024-0500,STA 101,Introductory Statistics,19.3
MAT-2024-0500,GST 102,Nigerian Peoples and Culture,30.0
MAT-2024-0500,CSC 102,Introduction to Problem Solving,27.0
MAT-2024-0500,CHM 101,General Chemistry I,23.5
MAT-2024-0500,CSC 101,Introduction to Computer Science,26.8
MAT-2024-0500,MAT 102,General Mathematics II,19.9
MAT-2024-0500,PHY 101,General Physics I,25.8
MAT-2024-0500,BIO 101,General Biology I,24.9
MAT-2024-0501,CSC 102,Introduction to Problem Solving,16.7
MAT-2024-0501,PHY 101,General Physics I,16.4
MAT-2024-0501,MAT 101,General Mathematics I,15.7
MAT-2024-0501,STA 101,Introductory Statistics,24.7
MAT-2024-0501,ENG 101,Engineering Mechanics,17.0
MAT-2024-0502,GST 102,Nigerian Peoples and Culture,4.9
MAT-2024-0502,PHY 101,General Physics I,12.3
MAT-2024-0502,CHM 101,General Chemistry I,10.2
MAT-2024-0502,PHY 102,Practical Physics I,9.7
MAT-2024-0502,CSC 102,Introduction to Problem Solving,13.8
MAT-2024-0503,BIO 101,General Biology I,21.2
MAT-2024-0503,GST 102,Nigerian Peoples and Culture,25.6
MAT-2024-0503,STA 101,Introductory Statistics,23.0
MAT-2024-0503,MAT 101,General Mathematics I,22.3
MAT-2024-0503,MAT 102,General Mathematics II,25.4
MAT-2024-0503,CSC 101,Introduction to Computer Science,20.2
MAT-2024-0503,CSC 102,Introduction to Problem Solving,17.0
MAT-2024-0503,PHY 101,General Physics I,20.9
MAT-2024-0504,MAT 102,General Mathematics II,12.2
MAT-2024-0504,PHY 101,General Physics I,9.3
MAT-2024-0504,PHY 102,Practical Physics I,14.0
MAT-2024-0504,CSC 102,Introduction to Problem Solving,3.2
MAT-2024-0504,GST 101,Use of English,9.7
MAT-2024-0505,MAT 101,General Mathematics I,15.4
MAT-2024-0505,MAT 102,General Mathematics II,21.8
MAT-2024-0505,CSC 102,Introduction to Problem Solving,11.0
MAT-2024-0505,GST 101,Use of English,14.6
MAT-2024-0505,CHM 102,Practical Chemistry I,17.1
MAT-2024-0505,BIO 101,General Biology I,15.5
MAT-2024-0505,CSC 101,Introduction to Computer Science,13.5
MAT-2024-0505,PHY 102,Practical Physics I,12.8
MAT-2024-0505,PHY 101,General Physics I,13.3
MAT-2024-0506,MAT 101,General Mathematics I,20.3
MAT-2024-0506,GST 102,Nigerian Peoples and Culture,12.6
MAT-2024-0506,CHM 102,Practical Chemistry I,13.8
MAT-2024-0507,GST 101,Use of English,12.1
MAT-2024-0507,STA 101,Introductory Statistics,16.5
MAT-2024-0507,MAT 102,General Mathematics II,15.4
MAT-2024-0507,ENG 101,Engineering Mechanics,16.0
MAT-2024-0507,CSC 102,Introduction to Problem Solving,12.6
MAT-2024-0507,CHM 101,General Chemistry I,22.3
MAT-2024-0507,PHY 102,Practical Physics I,24.2
MAT-2024-0508,PHY 102,Practical Physics I,18.1
MAT-2024-0508,STA 101,Introductory Statistics,21.8
MAT-2024-0509,GST 102,Nigerian Peoples and Culture,19.3
MAT-2024-0509,CHM 102,Practical Chemistry I,26.8
MAT-2024-0510,CSC 101,Introduction to Computer Science,22.0
MAT-2024-0511,MAT 102,General Mathematics II,15.3
MAT-2024-0511,GST 102,Nigerian Peoples and Culture,15.7
MAT-2024-0511,MAT 101,General Mathematics I,19.3
MAT-2024-0511,ENG 101,Engineering Mechanics,19.8
MAT-2024-0512,BIO 101,General Biology I,21.1
MAT-2024-0512,CHM 101,General Chemistry I,20.7
MAT-2024-0513,STA 101,Introductory Statistics,23.6
MAT-2024-0513,PHY 101,General Physics I,17.8
MAT-2024-0513,GST 102,Nigerian Peoples and Culture,20.3
MAT-2024-0513,BIO 101,General Biology I,15.2
MAT-2024-0513,MAT 101,General Mathematics I,13.2
MAT-2024-0514,GST 101,Use of English,19.9
MAT-2024-0514,CHM 101,General Chemistry I,15.5
MAT-2024-0514,PHY 102,Practical Physics I,19.7
MAT-2024-0514,CSC 102,Introduction to Problem Solving,25.1
MAT-2024-0514,MAT 102,General Mathematics II,22.6
MAT-2024-0514,BIO 101,General Biology I,25.6
MAT-2024-0515,PHY 102,Practical Physics I,14.5
MAT-2024-0515,BIO 101,General Biology I,17.7
MAT-2024-0515,GST 101,Use of English,19.4
MAT-2024-0515,GST 102,Nigerian Peoples and Culture,17.2
MAT-2024-0515,CHM 102,Practical Chemistry I,17.2
MAT-2024-0515,CSC 101,Introduction to Computer Science,20.0
MAT-2024-0516,ENG 101,Engineering Mechanics,15.7
MAT-2024-0517,GST 101,Use of English,20.9
MAT-2024-0518,STA 101,Introductory Statistics,20.9
MAT-2024-0518,CHM 102,Practical Chemistry I,29.1
MAT-2024-0518,MAT 101,General Mathematics I,18.2
MAT-2024-0518,MAT 102,General Mathematics II,24.8
MAT-2024-0518,CSC 102,Introduction to Problem Solving,25.0
MAT-2024-0518,ENG 101,Engineering Mechanics,18.1
MAT-2024-0518,BIO 101,General Biology I,20.7
MAT-2024-0518,PHY 102,Practical Physics I,20.3
MAT-2024-0518,CSC 101,Introduction to Computer Science,18.8
MAT-2024-0519,GST 101,Use of English,14.4
MAT-2024-0519,GST 102,Nigerian Peoples and Culture,12.8
MAT-2024-0520,ENG 101,Engineering Mechanics,21.7
MAT-2024-0520,BIO 101,General Biology I,9.3
MAT-2024-0520,MAT 101,General Mathematics I,21.4
MAT-2024-0520,CSC 101,Introduction to Computer Science,20.8
MAT-2024-0521,PHY 101,General Physics I,12.1
MAT-2024-0521,MAT 101,General Mathematics I,5.4
MAT-2024-0521,GST 101,Use of English,15.7
MAT-2024-0521,GST 102,Nigerian Peoples and Culture,6.8
MAT-2024-0521,ENG 101,Engineering Mechanics,22.0
MAT-2024-0522,BIO 101,General Biology I,10.1
MAT-2024-0522,CSC 102,Introduction to Problem Solving,16.3
MAT-2024-0522,PHY 101,General Physics I,13.3
MAT-2024-0522,PHY 102,Practical Physics I,14.3
MAT-2024-0522,CHM 102,Practical Chemistry I,15.7
MAT-2024-0522,CSC 101,Introduction to Computer Science,12.0
MAT-2024-0523,ENG 101,Engineering Mechanics,15.8
MAT-2024-0523,PHY 101,General Physics I,18.3
MAT-2024-0523,PHY 102,Practical Physics I,17.3
MAT-2024-0523,CHM 102,Practical Chemistry I,22.9
MAT-2024-0523,MAT 101,General Mathematics I,25.5
MAT-2024-0523,MAT 102,General Mathematics II,17.7
MAT-2024-0523,STA 101,Introductory Statistics,25.5
MAT-2024-0523,CSC 102,Introduction to Problem Solving,18.3
MAT-2024-0523,BIO 101,General Biology I,24.9
MAT-2024-0523,CSC 101,Introduction to Computer Science,20.9
MAT-2024-0523,CHM 101,General Chemistry I,20.3
MAT-2024-0524,MAT 102,General Mathematics II,21.5
MAT-2024-0524,ENG 101,Engineering Mechanics,23.7
MAT-2024-0524,STA 101,Introductory Statistics,20.3
MAT-2024-0524,CHM 102,Practical Chemistry I,21.4
MAT-2024-0524,BIO 101,General Biology I,20.1
MAT-2024-0524,CHM 101,General Chemistry I,22.3
MAT-2024-0525,PHY 101,General Physics I,18.8
MAT-2024-0525,GST 101,Use of English,16.3
MAT-2024-0525,CSC 101,Introduction to Computer Science,15.1
MAT-2024-0525,PHY 102,Practical Physics I,22.5
MAT-2024-0526,CSC 101,Introduction to Computer Science,16.3
MAT-2024-0526,PHY 101,General Physics I,11.9
MAT-2024-0527,BIO 101,General Biology I,23.2
MAT-2024-0527,MAT 102,General Mathematics II,13.3
MAT-2024-0527,STA 101,Introductory Statistics,13.9
MAT-2024-0528,PHY 101,General Physics I,25.3
MAT-2024-0528,GST 102,Nigerian Peoples and Culture,24.6
MAT-2024-0528,STA 101,Introductory Statistics,21.9
MAT-2024-0528,GST 101,Use of English,27.0
MAT-2024-0528,BIO 101,General Biology I,26.8
MAT-2024-0528,CHM 101,General Chemistry I,21.1
MAT-2024-0528,PHY 102,Practical Physics I,26.9
MAT-2024-0529,PHY 101,General Physics I,14.2
MAT-2024-0529,MAT 102,General Mathematics II,7.8
MAT-2024-0529,CSC 101,Introduction to Computer Science,13.4
MAT-2024-0529,CHM 101,General Chemistry I,12.1
MAT-2024-0529,MAT 101,General Mathematics I,6.7
MAT-2024-0530,STA 101,Introductory Statistics,16.1
MAT-2024-0530,CSC 101,Introduction to Computer Science,20.9
MAT-2024-0530,PHY 101,General Physics I,14.0
MAT-2024-0530,GST 101,Use of English,15.9
MAT-2024-0531,ENG 101,Engineering Mechanics,19.9
MAT-2024-0531,GST 102,Nigerian Peoples and Culture,21.0
MAT-2024-0531,MAT 101,General Mathematics I,18.3
MAT-2024-0531,CHM 101,General Chemistry I,16.2
MAT-2024-0531,PHY 102,Practical Physics I,20.8
MAT-2024-0531,CSC 101,Introduction to Computer Science,20.3
MAT-2024-0532,ENG 101,Engineering Mechanics,11.3
MAT-2024-0533,GST 102,Nigerian Peoples and Culture,19.3
MAT-2024-0533,CSC 102,Introduction to Problem Solving,8.8
MAT-2024-0533,MAT 102,General Mathematics II,21.0
MAT-2024-0533,GST 101,Use of English,20.7
MAT-2024-0533,PHY 101,General Physics I,13.2
MAT-2024-0533,BIO 101,General Biology I,21.2
MAT-2024-0533,MAT 101,General Mathematics I,10.5
MAT-2024-0533,CHM 102,Practical Chemistry I,18.1
MAT-2024-0534,MAT 101,General Mathematics I,15.5
MAT-2024-0534,MAT 102,General Mathematics II,12.5
MAT-2024-0535,CSC 101,Introduction to Computer Science,11.2
MAT-2024-0535,GST 101,Use of English,13.5
MAT-2024-0535,ENG 101,Engineering Mechanics,10.5
MAT-2024-0535,STA 101,Introductory Statistics,4.6
MAT-2024-0536,CHM 102,Practical Chemistry I,13.8
MAT-2024-0536,MAT 102,General Mathematics II,5.1
MAT-2024-0536,PHY 101,General Physics I,19.7
MAT-2024-0536,PHY 102,Practical Physics I,6.3
MAT-2024-0536,CHM 101,General Chemistry I,15.3
MAT-2024-0536,CSC 102,Introduction to Problem Solving,7.2
MAT-2024-0536,MAT 101,General Mathematics I,8.7
MAT-2024-0536,ENG 101,Engineering Mechanics,14.4
MAT-2024-0536,BIO 101,General Biology I,15.3
MAT-2024-0536,GST 101,Use of English,6.1
MAT-2024-0536,STA 101,Introductory Statistics,15.6
MAT-2024-0537,MAT 102,General Mathematics II,11.3
MAT-2024-0537,STA 101,Introductory Statistics,12.2
MAT-2024-0538,MAT 101,General Mathematics I,19.8
MAT-2024-0538,BIO 101,General Biology I,21.7
MAT-2024-0539,CSC 101,Introduction to Computer Science,18.0
MAT-2024-0540,ENG 101,Engineering Mechanics,30.0
MAT-2024-0540,CSC 102,Introduction to Problem Solving,24.3
MAT-2024-0540,MAT 102,General Mathematics II,24.4
MAT-2024-0540,BIO 101,General Biology I,21.8
MAT-2024-0540,MAT 101,General Mathematics I,20.9
MAT-2024-0540,CHM 102,Practical Chemistry I,24.6
MAT-2024-0540,STA 101,Introductory Statistics,10.3
MAT-2024-0540,GST 101,Use of English,17.3
MAT-2024-0540,PHY 101,General Physics I,14.4
MAT-2024-0540,CSC 101,Introduction to Computer Science,12.3
MAT-2024-0541,CSC 101,Introduction to Computer Science,23.8
MAT-2024-0541,CHM 101,General Chemistry I,26.7
MAT-2024-0541,CSC 102,Introduction to Problem Solving,19.2
MAT-2024-0541,BIO 101,General Biology I,13.1
MAT-2024-0542,MAT 101,General Mathematics I,19.1
MAT-2024-0542,PHY 102,Practical Physics I,13.7
MAT-2024-0542,CSC 102,Introduction to Problem Solving,20.4
MAT-2024-0543,GST 101,Use of English,12.9
MAT-2024-0543,CHM 102,Practical Chemistry I,14.9
MAT-2024-0543,CHM 101,General Chemistry I,15.6
MAT-2024-0543,BIO 101,General Biology I,16.5
MAT-2024-0543,ENG 101,Engineering Mechanics,17.4
MAT-2024-0543,PHY 102,Practical Physics I,19.3
MAT-2024-0543,MAT 101,General Mathematics I,15.7
MAT-2024-0543,GST 102,Nigerian Peoples and Culture,22.1
MAT-2024-0543,CSC 101,Introduction to Computer Science,16.8
MAT-2024-0543,MAT 102,General Mathematics II,20.7
MAT-2024-0544,ENG 101,Engineering Mechanics,11.4
MAT-2024-0544,GST 101,Use of English,12.6
MAT-2024-0544,CHM 102,Practical Chemistry I,11.8
MAT-2024-0545,GST 101,Use of English,15.9
MAT-2024-0545,CHM 102,Practical Chemistry I,16.6
MAT-2024-0545,GST 102,Nigerian Peoples and Culture,5.1
MAT-2024-0545,MAT 101,General Mathematics I,16.9
MAT-2024-0545,ENG 101,Engineering Mechanics,17.9
MAT-2024-0545,STA 101,Introductory Statistics,20.7
MAT-2024-0545,MAT 102,General Mathematics II,10.0
MAT-2024-0545,CHM 101,General Chemistry I,10.9
MAT-2024-0545,CSC 102,Introduction to Problem Solving,15.8
MAT-2024-0546,PHY 102,Practical Physics I,10.1
MAT-2024-0546,GST 102,Nigerian Peoples and Culture,11.1
MAT-2024-0546,STA 101,Introductory Statistics,6.0
MAT-2024-0546,ENG 101,Engineering Mechanics,9.1
MAT-2024-0546,CHM 101,General Chemistry I,7.2
MAT-2024-0546,CSC 101,Introduction to Computer Science,18.5
MAT-2024-0547,STA 101,Introductory Statistics,18.7
MAT-2024-0548,GST 101,Use of English,19.3
MAT-2024-0548,MAT 101,General Mathematics I,13.0
MAT-2024-0548,CHM 101,General Chemistry I,20.6
MAT-2024-0548,CSC 102,Introduction to Problem Solving,16.9
MAT-2024-0548,BIO 101,General Biology I,17.3
MAT-2024-0548,STA 101,Introductory Statistics,19.2
MAT-2024-0548,ENG 101,Engineering Mechanics,17.6
MAT-2024-0548,CHM 102,Practical Chemistry I,23.0
MAT-2024-0548,PHY 101,General Physics I,22.4
MAT-2024-0548,GST 102,Nigerian Peoples and Culture,11.3
MAT-2024-0549,GST 101,Use of English,20.9
MAT-2024-0549,CHM 102,Practical Chemistry I,20.7
MAT-2024-0550,CHM 101,General Chemistry I,16.0
MAT-2024-0550,GST 102,Nigerian Peoples and Culture,19.1
MAT-2024-0550,MAT 101,General Mathematics I,17.9
MAT-2024-0550,GST 101,Use of English,18.3
MAT-2024-0551,MAT 102,General Mathematics II,6.9
MAT-2024-0551,ENG 101,Engineering Mechanics,7.1
MAT-2024-0551,STA 101,Introductory Statistics,2.5
MAT-2024-0551,CSC 101,Introduction to Computer Science,15.0
MAT-2024-0551,PHY 102,Practical Physics I,3.6
MAT-2024-0551,GST 101,Use of English,6.6
MAT-2024-0551,CHM 101,General Chemistry I,12.6
MAT-2024-0551,GST 102,Nigerian Peoples and Culture,11.6
MAT-2024-0551,CHM 102,Practical Chemistry I,4.6
MAT-2024-0551,MAT 101,General Mathematics I,11.7
MAT-2024-0552,PHY 102,Practical Physics I,27.3
MAT-2024-0552,MAT 102,General Mathematics II,24.5
MAT-2024-0552,CSC 101,Introduction to Computer Science,21.4
MAT-2024-0552,CSC 102,Introduction to Problem Solving,18.8
MAT-2024-0552,GST 101,Use of English,16.6
MAT-2024-0552,BIO 101,General Biology I,25.7
MAT-2024-0553,CHM 101,General Chemistry I,11.6
MAT-2024-0553,CSC 101,Introduction to Computer Science,8.6
MAT-2024-0553,BIO 101,General Biology I,18.5
MAT-2024-0553,MAT 101,General Mathematics I,13.9
MAT-2024-0553,PHY 101,General Physics I,9.6
MAT-2024-0553,PHY 102,Practical Physics I,11.3
MAT-2024-0553,GST 102,Nigerian Peoples and Culture,11.1
MAT-2024-0553,MAT 102,General Mathematics II,14.8
MAT-2024-0553,ENG 101,Engineering Mechanics,18.8
MAT-2024-0554,GST 102,Nigerian Peoples and Culture,12.9
MAT-2024-0555,MAT 101,General Mathematics I,13.5
MAT-2024-0555,STA 101,Introductory Statistics,13.0
MAT-2024-0555,PHY 102,Practical Physics I,17.0
MAT-2024-0555,GST 101,Use of English,10.5
MAT-2024-0555,CSC 101,Introduction to Computer Science,12.5
MAT-2024-0555,CSC 102,Introduction to Problem Solving,24.8
MAT-2024-0555,BIO 101,General Biology I,18.4
MAT-2024-0555,PHY 101,General Physics I,13.6
MAT-2024-0556,MAT 101,General Mathematics I,17.6
MAT-2024-0556,MAT 102,General Mathematics II,19.3
MAT-2024-0556,CSC 101,Introduction to Computer Science,25.7
MAT-2024-0556,PHY 102,Practical Physics I,22.3
MAT-2024-0556,CHM 102,Practical Chemistry I,15.9
MAT-2024-0556,PHY 101,General Physics I,22.2
MAT-2024-0557,STA 101,Introductory Statistics,13.4
MAT-2024-0557,PHY 101,General Physics I,17.8
MAT-2024-0557,MAT 102,General Mathematics II,15.7
MAT-2024-0557,ENG 101,Engineering Mechanics,17.4
MAT-2024-0557,CSC 102,Introduction to Problem Solving,14.3
MAT-2024-0557,CHM 102,Practical Chemistry I,18.3
MAT-2024-0557,CSC 101,Introduction to Computer Science,18.9
MAT-2024-0557,PHY 102,Practical Physics I,20.5
MAT-2024-0557,GST 102,Nigerian Peoples and Culture,18.9
MAT-2024-0558,CSC 102,Introduction to Problem Solving,20.0
MAT-2024-0558,ENG 101,Engineering Mechanics,15.2
MAT-2024-0558,CHM 102,Practical Chemistry I,8.0
MAT-2024-0559,CHM 102,Practical Chemistry I,18.0
MAT-2024-0559,STA 101,Introductory Statistics,20.3
MAT-2024-0559,CSC 101,Introduction to Computer Science,22.6
MAT-2024-0559,GST 102,Nigerian Peoples and Culture,13.8
MAT-2024-0559,CSC 102,Introduction to Problem Solving,17.5
MAT-2024-0559,GST 101,Use of English,18.2
MAT-2024-0559,PHY 102,Practical Physics I,15.9
MAT-2024-0559,CHM 101,General Chemistry I,21.5
MAT-2024-0560,ENG 101,Engineering Mechanics,12.3
MAT-2024-0560,CHM 101,General Chemistry I,12.1
MAT-2024-0560,CSC 102,Introduction to Problem Solving,11.8
MAT-2024-0561,CSC 101,Introduction to Computer Science,21.1
MAT-2024-0561,CSC 102,Introduction to Problem Solving,18.8
MAT-2024-0561,MAT 101,General Mathematics I,11.4
MAT-2024-0562,ENG 101,Engineering Mechanics,12.9
MAT-2024-0562,PHY 102,Practical Physics I,23.2
MAT-2024-0562,MAT 101,General Mathematics I,17.7
MAT-2024-0562,CSC 101,Introduction to Computer Science,14.2
MAT-2024-0562,STA 101,Introductory Statistics,16.4
MAT-2024-0562,GST 101,Use of English,18.3
MAT-2024-0562,GST 102,Nigerian Peoples and Culture,15.8
MAT-2024-0562,CHM 101,General Chemistry I,10.5
MAT-2024-0562,CHM 102,Practical Chemistry I,14.1
MAT-2024-0562,BIO 101,General Biology I,10.7
MAT-2024-0563,STA 101,Introductory Statistics,18.4
MAT-2024-0563,CSC 102,Introduction to Problem Solving,14.8
MAT-2024-0563,PHY 101,General Physics I,13.9
MAT-2024-0564,STA 101,Introductory Statistics,19.1
MAT-2024-0564,MAT 102,General Mathematics II,21.7
MAT-2024-0564,CSC 101,Introduction to Computer Science,16.3
MAT-2024-0564,PHY 101,General Physics I,15.0
MAT-2024-0565,CHM 102,Practical Chemistry I,21.4
MAT-2024-0565,CSC 102,Introduction to Problem Solving,21.3
MAT-2024-0565,STA 101,Introductory Statistics,18.6
MAT-2024-0565,BIO 101,General Biology I,19.0
MAT-2024-0565,MAT 101,General Mathematics I,22.3
MAT-2024-0565,CHM 101,General Chemistry I,15.8
MAT-2024-0565,PHY 101,General Physics I,23.7
MAT-2024-0565,ENG 101,Engineering Mechanics,14.6
MAT-2024-0565,GST 102,Nigerian Peoples and Culture,17.8
MAT-2024-0565,CSC 101,Introduction to Computer Science,20.0
MAT-2024-0565,MAT 102,General Mathematics II,10.9
MAT-2024-0566,CSC 102,Introduction to Problem Solving,10.8
MAT-2024-0566,MAT 101,General Mathematics I,16.2
MAT-2024-0567,ENG 101,Engineering Mechanics,16.8
MAT-2024-0568,CSC 102,Introduction to Problem Solving,11.7
MAT-2024-0568,ENG 101,Engineering Mechanics,8.9
MAT-2024-0568,CSC 101,Introduction to Computer Science,12.9
MAT-2024-0568,MAT 102,General Mathematics II,8.9
MAT-2024-0568,BIO 101,General Biology I,13.8
MAT-2024-0568,PHY 102,Practical Physics I,8.8
MAT-2024-0568,CHM 102,Practical Chemistry I,13.6
MAT-2024-0568,CHM 101,General Chemistry I,7.8
MAT-2024-0569,PHY 101,General Physics I,10.8
MAT-2024-0569,BIO 101,General Biology I,12.8
MAT-2024-0569,PHY 102,Practical Physics I,15.9
MAT-2024-0569,GST 101,Use of English,15.8
MAT-2024-0569,CSC 101,Introduction to Computer Science,3.3
MAT-2024-0569,CSC 102,Introduction to Problem Solving,15.3
MAT-2024-0569,MAT 101,General Mathematics I,13.4
MAT-2024-0570,CHM 101,General Chemistry I,20.0
MAT-2024-0571,STA 101,Introductory Statistics,25.9
MAT-2024-0572,PHY 101,General Physics I,21.1
MAT-2024-0572,MAT 102,General Mathematics II,13.0
MAT-2024-0572,STA 101,Introductory Statistics,9.2
MAT-2024-0572,CSC 101,Introduction to Computer Science,13.8
MAT-2024-0572,ENG 101,Engineering Mechanics,16.0
MAT-2024-0573,CSC 102,Introduction to Problem Solving,20.2
MAT-2024-0573,PHY 101,General Physics I,30.0
MAT-2024-0573,GST 102,Nigerian Peoples and Culture,16.1
MAT-2024-0574,STA 101,Introductory Statistics,13.2
MAT-2024-0574,PHY 102,Practical Physics I,14.1
MAT-2024-0575,BIO 101,General Biology I,14.1
MAT-2024-0575,CSC 102,Introduction to Problem Solving,14.1
MAT-2024-0575,MAT 101,General Mathematics I,7.7
MAT-2024-0575,ENG 101,Engineering Mechanics,12.2
MAT-2024-0575,CSC 101,Introduction to Computer Science,17.2
MAT-2024-0575,PHY 102,Practical Physics I,10.6
MAT-2024-0575,PHY 101,General Physics I,11.9
MAT-2024-0575,CHM 102,Practical Chemistry I,10.4
MAT-2024-0575,STA 101,Introductory Statistics,2.1
MAT-2024-0575,GST 102,Nigerian Peoples and Culture,11.5
MAT-2024-0576,GST 101,Use of English,15.6
MAT-2024-0576,ENG 101,Engineering Mechanics,20.6
MAT-2024-0576,GST 102,Nigerian Peoples and Culture,17.1
MAT-2024-0576,CHM 102,Practical Chemistry I,22.3
MAT-2024-0577,CHM 102,Practical Chemistry I,24.2
MAT-2024-0577,CHM 101,General Chemistry I,25.0
MAT-2024-0577,CSC 102,Introduction to Problem Solving,10.0
MAT-2024-0577,GST 101,Use of English,21.7
MAT-2024-0577,PHY 101,General Physics I,20.1
MAT-2024-0578,ENG 101,Engineering Mechanics,22.2
MAT-2024-0579,GST 102,Nigerian Peoples and Culture,21.8
MAT-2024-0579,BIO 101,General Biology I,22.3
MAT-2024-0579,CSC 101,Introduction to Computer Science,16.0
MAT-2024-0579,MAT 101,General Mathematics I,21.6
MAT-2024-0579,STA 101,Introductory Statistics,22.6
MAT-2024-0579,PHY 102,Practical Physics I,26.7
MAT-2024-0579,GST 101,Use of English,19.5
MAT-2024-0579,CSC 102,Introduction to Problem Solving,29.8
MAT-2024-0579,CHM 102,Practical Chemistry I,21.6
MAT-2024-0579,ENG 101,Engineering Mechanics,16.6
MAT-2024-0580,PHY 101,General Physics I,17.0
MAT-2024-0580,MAT 101,General Mathematics I,19.3
MAT-2024-0580,GST 101,Use of English,19.0
MAT-2024-0580,CSC 101,Introduction to Computer Science,17.6
MAT-2024-0581,CHM 101,General Chemistry I,12.8
MAT-2024-0581,PHY 101,General Physics I,12.9
MAT-2024-0581,BIO 101,General Biology I,7.1
MAT-2024-0581,CSC 102,Introduction to Problem Solving,15.4
MAT-2024-0581,MAT 102,General Mathematics II,22.8
MAT-2024-0581,ENG 101,Engineering Mechanics,11.4
MAT-2024-0581,GST 101,Use of English,20.1
MAT-2024-0581,CHM 102,Practical Chemistry I,19.3
MAT-2024-0581,CSC 101,Introduction to Computer Science,18.1
MAT-2024-0581,MAT 101,General Mathematics I,21.9
MAT-2024-0581,GST 102,Nigerian Peoples and Culture,17.0
MAT-2024-0582,ENG 101,Engineering Mechanics,10.3
MAT-2024-0582,CSC 101,Introduction to Computer Science,9.8
MAT-2024-0582,STA 101,Introductory Statistics,13.2
MAT-2024-0582,MAT 102,General Mathematics II,17.3
MAT-2024-0582,CHM 102,Practical Chemistry I,19.6
MAT-2024-0582,CSC 102,Introduction to Problem Solving,10.7
MAT-2024-0582,GST 101,Use of English,22.2
MAT-2024-0582,MAT 101,General Mathematics I,9.5
MAT-2024-0582,BIO 101,General Biology I,17.9
MAT-2024-0583,BIO 101,General Biology I,16.3
MAT-2024-0583,CHM 101,General Chemistry I,10.3
MAT-2024-0583,GST 101,Use of English,12.4
MAT-2024-0583,CSC 102,Introduction to Problem Solving,14.7
MAT-2024-0583,MAT 101,General Mathematics I,18.4
MAT-2024-0583,CSC 101,Introduction to Computer Science,10.1
MAT-2024-0583,ENG 101,Engineering Mechanics,11.0
MAT-2024-0583,STA 101,Introductory Statistics,12.7
MAT-2024-0584,PHY 101,General Physics I,12.8
MAT-2024-0584,MAT 102,General Mathematics II,13.1
MAT-2024-0584,CHM 102,Practical Chemistry I,13.4
MAT-2024-0584,STA 101,Introductory Statistics,10.0
MAT-2024-0584,GST 102,Nigerian Peoples and Culture,19.6
MAT-2024-0584,ENG 101,Engineering Mechanics,15.8
MAT-2024-0584,BIO 101,General Biology I,13.4
MAT-2024-0584,CHM 101,General Chemistry I,11.0
MAT-2024-0584,CSC 102,Introduction to Problem Solving,9.7
MAT-2024-0584,MAT 101,General Mathematics I,14.7
MAT-2024-0584,PHY 102,Practical Physics I,11.2
MAT-2024-0585,ENG 101,Engineering Mechanics,13.6
MAT-2024-0585,GST 102,Nigerian Peoples and Culture,13.6
MAT-2024-0585,CHM 102,Practical Chemistry I,11.1
MAT-2024-0585,BIO 101,General Biology I,13.9
MAT-2024-0585,GST 101,Use of English,11.4
MAT-2024-0585,PHY 102,Practical Physics I,17.3
MAT-2024-0585,CSC 101,Introduction to Computer Science,5.7
MAT-2024-0585,MAT 101,General Mathematics I,11.7
MAT-2024-0585,CSC 102,Introduction to Problem Solving,14.5
MAT-2024-0586,GST 102,Nigerian Peoples and Culture,19.8
MAT-2024-0587,GST 102,Nigerian Peoples and Culture,15.8
MAT-2024-0587,PHY 102,Practical Physics I,20.6
MAT-2024-0587,CHM 102,Practical Chemistry I,21.4
MAT-2024-0587,CSC 102,Introduction to Problem Solving,15.6
MAT-2024-0587,CSC 101,Introduction to Computer Science,18.7
MAT-2024-0587,PHY 101,General Physics I,13.8
MAT-2024-0587,ENG 101,Engineering Mechanics,19.8
MAT-2024-0587,GST 101,Use of English,18.5
MAT-2024-0587,BIO 101,General Biology I,16.1
MAT-2024-0587,CHM 101,General Chemistry I,18.8
MAT-2024-0588,MAT 102,General Mathematics II,13.7
MAT-2024-0588,GST 101,Use of English,7.4
MAT-2024-0588,CSC 101,Introduction to Computer Science,12.0
MAT-2024-0588,MAT 101,General Mathematics I,7.8
MAT-2024-0589,PHY 101,General Physics I,13.7
MAT-2024-0589,CHM 102,Practical Chemistry I,19.7
MAT-2024-0589,ENG 101,Engineering Mechanics,28.8
MAT-2024-0589,GST 101,Use of English,18.6
MAT-2024-0589,CSC 101,Introduction to Computer Science,18.2
MAT-2024-0589,CHM 101,General Chemistry I,17.8
MAT-2024-0589,GST 102,Nigerian Peoples and Culture,20.7
MAT-2024-0590,PHY 101,General Physics I,20.3
MAT-2024-0590,ENG 101,Engineering Mechanics,18.6
MAT-2024-0591,ENG 101,Engineering Mechanics,18.7
MAT-2024-0591,GST 102,Nigerian Peoples and Culture,30.0
MAT-2024-0591,STA 101,Introductory Statistics,22.7
MAT-2024-0591,CHM 101,General Chemistry I,15.9
MAT-2024-0591,CSC 102,Introduction to Problem Solving,18.4
MAT-2024-0591,BIO 101,General Biology I,23.3
MAT-2024-0591,MAT 102,General Mathematics II,18.7
MAT-2024-0591,MAT 101,General Mathematics I,19.2
MAT-2024-0591,PHY 102,Practical Physics I,25.5
MAT-2024-0592,GST 102,Nigerian Peoples and Culture,19.4
MAT-2024-0592,ENG 101,Engineering Mechanics,21.7
MAT-2024-0592,PHY 101,General Physics I,23.1
MAT-2024-0592,CSC 102,Introduction to Problem Solving,24.5
MAT-2024-0592,CSC 101,Introduction to Computer Science,21.4
MAT-2024-0592,MAT 102,General Mathematics II,19.3
MAT-2024-0592,CHM 101,General Chemistry I,29.5
MAT-2024-0592,PHY 102,Practical Physics I,30.0
MAT-2024-0592,STA 101,Introductory Statistics,23.4
MAT-2024-0592,MAT 101,General Mathematics I,19.8
MAT-2024-0593,PHY 102,Practical Physics I,17.5
MAT-2024-0593,PHY 101,General Physics I,16.6
MAT-2024-0594,GST 102,Nigerian Peoples and Culture,16.9
MAT-2024-0594,STA 101,Introductory Statistics,18.2
MAT-2024-0594,ENG 101,Engineering Mechanics,21.5
MAT-2024-0594,CHM 101,General Chemistry I,13.5
MAT-2024-0594,CHM 102,Practical Chemistry I,19.9
MAT-2024-0595,BIO 101,General Biology I,16.0
MAT-2024-0595,PHY 102,Practical Physics I,20.6
MAT-2024-0595,CSC 102,Introduction to Problem Solving,17.7
MAT-2024-0595,MAT 102,General Mathematics II,21.5
MAT-2024-0595,MAT 101,General Mathematics I,14.1
MAT-2024-0595,CSC 101,Introduction to Computer Science,21.4
MAT-2024-0595,CHM 102,Practical Chemistry I,20.3
MAT-2024-0595,GST 101,Use of English,12.6
MAT-2024-0595,PHY 101,General Physics I,24.6
MAT-2024-0595,STA 101,Introductory Statistics,20.0
MAT-2024-0595,GST 102,Nigerian Peoples and Culture,21.7
MAT-2024-0596,STA 101,Introductory Statistics,10.9
MAT-2024-0596,CSC 102,Introduction to Problem Solving,13.0
MAT-2024-0596,GST 101,Use of English,7.2
MAT-2024-0596,MAT 101,General Mathematics I,19.7
MAT-2024-0596,BIO 101,General Biology I,13.8
MAT-2024-0596,CHM 101,General Chemistry I,11.4
MAT-2024-0596,CSC 101,Introduction to Computer Science,17.2
MAT-2024-0597,STA 101,Introductory Statistics,9.2
MAT-2024-0598,CHM 101,General Chemistry I,12.3
MAT-2024-0598,MAT 102,General Mathematics II,12.2
MAT-2024-0598,BIO 101,General Biology I,19.7
MAT-2024-0598,PHY 101,General Physics I,13.8
MAT-2024-0598,GST 101,Use of English,21.0
MAT-2024-0599,CHM 101,General Chemistry I,20.0
MAT-2024-0599,CSC 102,Introduction to Problem Solving,22.4
MAT-2024-0599,BIO 101,General Biology I,15.3
MAT-2024-0600,CHM 101,General Chemistry I,17.0
MAT-2024-0600,CSC 102,Introduction to Problem Solving,11.2
MAT-2024-0600,ENG 101,Engineering Mechanics,13.3
MAT-2024-0600,PHY 102,Practical Physics I,16.0
MAT-2024-0600,PHY 101,General Physics I,13.4
MAT-2024-0600,GST 101,Use of English,12.1
MAT-2024-0601,GST 101,Use of English,17.7
MAT-2024-0601,ENG 101,Engineering Mechanics,28.8
MAT-2024-0601,BIO 101,General Biology I,22.2
MAT-2024-0601,GST 102,Nigerian Peoples and Culture,20.7
MAT-2024-0601,STA 101,Introductory Statistics,18.9
MAT-2024-0601,MAT 101,General Mathematics I,18.5
MAT-2024-0601,CHM 101,General Chemistry I,25.2
MAT-2024-0601,PHY 101,General Physics I,27.5
MAT-2024-0602,CHM 101,General Chemistry I,18.0
MAT-2024-0602,CSC 102,Introduction to Problem Solving,26.5
MAT-2024-0603,ENG 101,Engineering Mechanics,17.7
MAT-2024-0603,CSC 101,Introduction to Computer Science,19.4
MAT-2024-0603,GST 102,Nigerian Peoples and Culture,18.1
MAT-2024-0603,PHY 102,Practical Physics I,14.2
MAT-2024-0603,MAT 101,General Mathematics I,13.1
MAT-2024-0603,CSC 102,Introduction to Problem Solving,20.1
MAT-2024-0603,PHY 101,General Physics I,23.4
MAT-2024-0603,MAT 102,General Mathematics II,10.8
MAT-2024-0603,CHM 102,Practical Chemistry I,11.6
MAT-2024-0604,MAT 101,General Mathematics I,20.0
MAT-2024-0604,BIO 101,General Biology I,19.5
MAT-2024-0604,MAT 102,General Mathematics II,24.0
MAT-2024-0604,STA 101,Introductory Statistics,14.8
MAT-2024-0605,CHM 101,General Chemistry I,10.7
MAT-2024-0605,STA 101,Introductory Statistics,13.4
MAT-2024-0605,BIO 101,General Biology I,20.4
MAT-2024-0605,GST 102,Nigerian Peoples and Culture,23.2
MAT-2024-0606,CHM 102,Practical Chemistry I,15.3
MAT-2024-0606,PHY 101,General Physics I,19.1
MAT-2024-0606,MAT 102,General Mathematics II,25.9
MAT-2024-0606,MAT 101,General Mathematics I,17.5
MAT-2024-0606,GST 101,Use of English,19.4
MAT-2024-0606,STA 101,Introductory Statistics,24.7
MAT-2024-0606,GST 102,Nigerian Peoples and Culture,24.4
MAT-2024-0607,BIO 101,General Biology I,13.8
MAT-2024-0607,CSC 101,Introduction to Computer Science,9.2
MAT-2024-0607,MAT 102,General Mathematics II,14.7
MAT-2024-0607,PHY 102,Practical Physics I,13.7
MAT-2024-0607,GST 102,Nigerian Peoples and Culture,15.4
MAT-2024-0607,STA 101,Introductory Statistics,17.7
MAT-2024-0607,CSC 102,Introduction to Problem Solving,11.7
MAT-2024-0607,PHY 101,General Physics I,9.4
MAT-2024-0607,ENG 101,Engineering Mechanics,16.2
MAT-2024-0607,MAT 101,General Mathematics I,16.1
MAT-2024-0608,MAT 101,General Mathematics I,13.7
MAT-2024-0608,ENG 101,Engineering Mechanics,17.9
MAT-2024-0608,MAT 102,General Mathematics II,23.3
MAT-2024-0608,CSC 101,Introduction to Computer Science,14.1
MAT-2024-0608,GST 101,Use of English,15.5
MAT-2024-0609,CHM 102,Practical Chemistry I,9.1
MAT-2024-0609,GST 101,Use of English,17.8
MAT-2024-0609,MAT 102,General Mathematics II,16.9
MAT-2024-0609,CSC 102,Introduction to Problem Solving,8.9
MAT-2024-0610,CHM 102,Practical Chemistry I,11.8
MAT-2024-0610,ENG 101,Engineering Mechanics,11.0
MAT-2024-0610,GST 102,Nigerian Peoples and Culture,14.7
MAT-2024-0610,MAT 101,General Mathematics I,10.0
MAT-2024-0610,PHY 102,Practical Physics I,10.6
MAT-2024-0611,CSC 101,Introduction to Computer Science,19.9
MAT-2024-0611,CHM 102,Practical Chemistry I,20.7
MAT-2024-0611,MAT 102,General Mathematics II,17.2
MAT-2024-0611,PHY 102,Practical Physics I,21.3
MAT-2024-0611,MAT 101,General Mathematics I,22.4
MAT-2024-0611,GST 101,Use of English,25.2
MAT-2024-0611,CSC 102,Introduction to Problem Solving,20.6
MAT-2024-0611,CHM 101,General Chemistry I,17.1
MAT-2024-0612,CSC 102,Introduction to Problem Solving,22.2
MAT-2024-0612,MAT 102,General Mathematics II,12.3
MAT-2024-0612,CHM 102,Practical Chemistry I,22.2
MAT-2024-0612,CHM 101,General Chemistry I,17.4
MAT-2024-0612,ENG 101,Engineering Mechanics,24.0
MAT-2024-0613,STA 101,Introductory Statistics,20.3
MAT-2024-0613,BIO 101,General Biology I,23.6
MAT-2024-0613,CHM 101,General Chemistry I,19.6
MAT-2024-0613,GST 101,Use of English,12.7
MAT-2024-0613,CSC 102,Introduction to Problem Solving,18.2
MAT-2024-0613,CHM 102,Practical Chemistry I,18.8
MAT-2024-0613,MAT 102,General Mathematics II,22.6
MAT-2024-0614,PHY 102,Practical Physics I,8.5
MAT-2024-0614,ENG 101,Engineering Mechanics,9.7
MAT-2024-0614,MAT 102,General Mathematics II,7.7
MAT-2024-0614,PHY 101,General Physics I,14.5
MAT-2024-0614,MAT 101,General Mathematics I,14.5
MAT-2024-0614,STA 101,Introductory Statistics,16.4
MAT-2024-0614,CHM 101,General Chemistry I,11.5
MAT-2024-0614,BIO 101,General Biology I,10.2
MAT-2024-0614,CSC 102,Introduction to Problem Solving,8.3
MAT-2024-0615,CHM 101,General Chemistry I,23.3
MAT-2024-0615,MAT 102,General Mathematics II,18.6
MAT-2024-0615,CHM 102,Practical Chemistry I,15.5
MAT-2024-0615,PHY 101,General Physics I,17.8
MAT-2024-0615,BIO 101,General Biology I,17.2
MAT-2024-0615,PHY 102,Practical Physics I,17.4
MAT-2024-0615,CSC 101,Introduction to Computer Science,16.9
MAT-2024-0615,ENG 101,Engineering Mechanics,16.9
MAT-2024-0615,STA 101,Introductory Statistics,11.8
MAT-2024-0615,CSC 102,Introduction to Problem Solving,19.9
MAT-2024-0616,CHM 102,Practical Chemistry I,19.9
MAT-2024-0616,CSC 102,Introduction to Problem Solving,17.4
MAT-2024-0616,MAT 102,General Mathematics II,25.5
MAT-2024-0616,CHM 101,General Chemistry I,22.4
MAT-2024-0616,GST 101,Use of English,25.5
MAT-2024-0617,GST 102,Nigerian Peoples and Culture,8.4
MAT-2024-0617,GST 101,Use of English,9.8
MAT-2024-0617,MAT 101,General Mathematics I,15.2
MAT-2024-0618,ENG 101,Engineering Mechanics,9.8
MAT-2024-0618,CHM 102,Practical Chemistry I,18.5
MAT-2024-0618,STA 101,Introductory Statistics,10.1
MAT-2024-0618,CSC 101,Introduction to Computer Science,16.3
MAT-2024-0618,MAT 101,General Mathematics I,8.0
MAT-2024-0618,BIO 101,General Biology I,13.1
MAT-2024-0618,PHY 102,Practical Physics I,17.9
MAT-2024-0618,MAT 102,General Mathematics II,6.9
MAT-2024-0618,GST 101,Use of English,12.2
MAT-2024-0618,CHM 101,General Chemistry I,7.4
MAT-2024-0619,CSC 102,Introduction to Problem Solving,19.3
MAT-2024-0619,MAT 101,General Mathematics I,27.5
MAT-2024-0619,PHY 102,Practical Physics I,20.0
MAT-2024-0619,CHM 102,Practical Chemistry I,22.8
MAT-2024-0619,GST 101,Use of English,17.0
MAT-2024-0619,STA 101,Introductory Statistics,22.0
MAT-2024-0619,BIO 101,General Biology I,21.1
MAT-2024-0620,CHM 102,Practical Chemistry I,14.2
MAT-2024-0620,GST 102,Nigerian Peoples and Culture,12.8
MAT-2024-0620,MAT 102,General Mathematics II,17.3
MAT-2024-0620,BIO 101,General Biology I,15.9
MAT-2024-0621,STA 101,Introductory Statistics,17.6
MAT-2024-0621,GST 102,Nigerian Peoples and Culture,20.6
MAT-2024-0621,CHM 101,General Chemistry I,20.6
MAT-2024-0621,CSC 101,Introduction to Computer Science,21.0
MAT-2024-0621,CSC 102,Introduction to Problem Solving,21.4
MAT-2024-0621,PHY 102,Practical Physics I,25.0
MAT-2024-0621,BIO 101,General Biology I,18.2
MAT-2024-0621,MAT 101,General Mathematics I,17.8
MAT-2024-0621,GST 101,Use of English,26.1
MAT-2024-0621,PHY 101,General Physics I,19.3
MAT-2024-0621,ENG 101,Engineering Mechanics,16.1
MAT-2024-0622,CSC 102,Introduction to Problem Solving,18.7
MAT-2024-0622,GST 102,Nigerian Peoples and Culture,16.5
MAT-2024-0622,CSC 101,Introduction to Computer Science,21.2
MAT-2024-0622,STA 101,Introductory Statistics,11.4
MAT-2024-0622,PHY 101,General Physics I,18.0
MAT-2024-0623,STA 101,Introductory Statistics,14.5
MAT-2024-0623,GST 101,Use of English,12.1
MAT-2024-0623,CHM 101,General Chemistry I,10.6
MAT-2024-0623,ENG 101,Engineering Mechanics,17.6
MAT-2024-0624,STA 101,Introductory Statistics,20.3
MAT-2024-0624,CHM 101,General Chemistry I,20.4
MAT-2024-0624,PHY 102,Practical Physics I,20.8
MAT-2024-0624,CSC 102,Introduction to Problem Solving,16.2
MAT-2024-0624,BIO 101,General Biology I,15.8
MAT-2024-0624,PHY 101,General Physics I,11.3
MAT-2024-0625,MAT 101,General Mathematics I,17.0
MAT-2024-0625,CHM 102,Practical Chemistry I,23.7
MAT-2024-0625,PHY 102,Practical Physics I,19.2
MAT-2024-0625,CSC 102,Introduction to Problem Solving,19.0
MAT-2024-0625,PHY 101,General Physics I,20.6
MAT-2024-0625,BIO 101,General Biology I,18.9
MAT-2024-0625,GST 102,Nigerian Peoples and Culture,19.2
MAT-2024-0625,CHM 101,General Chemistry I,18.2
MAT-2024-0626,CHM 102,Practical Chemistry I,20.2
MAT-2024-0626,ENG 101,Engineering Mechanics,14.6
MAT-2024-0627,CHM 101,General Chemistry I,11.2
MAT-2024-0627,ENG 101,Engineering Mechanics,19.7
MAT-2024-0627,MAT 101,General Mathematics I,10.4
MAT-2024-0627,CSC 101,Introduction to Computer Science,20.0
MAT-2024-0627,PHY 102,Practical Physics I,10.9
MAT-2024-0627,GST 101,Use of English,4.3
MAT-2024-0627,GST 102,Nigerian Peoples and Culture,11.6
MAT-2024-0627,BIO 101,General Biology I,15.9
MAT-2024-0627,MAT 102,General Mathematics II,19.2
MAT-2024-0628,CSC 101,Introduction to Computer Science,20.5
MAT-2024-0628,STA 101,Introductory Statistics,17.7
MAT-2024-0628,MAT 102,General Mathematics II,13.0
MAT-2024-0628,PHY 101,General Physics I,21.1
MAT-2024-0628,BIO 101,General Biology I,13.7
MAT-2024-0628,CSC 102,Introduction to Problem Solving,18.2
MAT-2024-0628,GST 102,Nigerian Peoples and Culture,16.8
MAT-2024-0628,PHY 102,Practical Physics I,21.7
MAT-2024-0629,CHM 102,Practical Chemistry I,26.0
MAT-2024-0629,MAT 101,General Mathematics I,13.9
MAT-2024-0629,CSC 102,Introduction to Problem Solving,22.3
MAT-2024-0629,BIO 101,General Biology I,23.2
MAT-2024-0629,CHM 101,General Chemistry I,20.8
MAT-2024-0629,GST 101,Use of English,15.4
MAT-2024-0630,PHY 102,Practical Physics I,21.5
MAT-2024-0630,CSC 101,Introduction to Computer Science,19.8
MAT-2024-0630,BIO 101,General Biology I,23.8
MAT-2024-0631,CSC 101,Introduction to Computer Science,9.0
MAT-2024-0631,PHY 102,Practical Physics I,20.2
MAT-2024-0632,CHM 102,Practical Chemistry I,13.8
MAT-2024-0632,ENG 101,Engineering Mechanics,15.8
MAT-2024-0632,CSC 102,Introduction to Problem Solving,19.0
MAT-2024-0632,MAT 102,General Mathematics II,15.9
MAT-2024-0632,BIO 101,General Biology I,17.3
MAT-2024-0632,PHY 102,Practical Physics I,14.8
MAT-2024-0632,MAT 101,General Mathematics I,16.7
MAT-2024-0633,GST 102,Nigerian Peoples and Culture,14.8
MAT-2024-0634,CSC 102,Introduction to Problem Solving,6.8
MAT-2024-0634,STA 101,Introductory Statistics,13.3
MAT-2024-0634,MAT 101,General Mathematics I,9.8
MAT-2024-0634,MAT 102,General Mathematics II,19.2
MAT-2024-0635,GST 101,Use of English,18.3
MAT-2024-0635,MAT 101,General Mathematics I,20.7
MAT-2024-0635,CHM 102,Practical Chemistry I,14.0
MAT-2024-0635,CSC 102,Introduction to Problem Solving,18.7
MAT-2024-0635,MAT 102,General Mathematics II,19.9
MAT-2024-0635,GST 102,Nigerian Peoples and Culture,16.4
MAT-2024-0635,STA 101,Introductory Statistics,19.9
MAT-2024-0635,CSC 101,Introduction to Computer Science,20.3
MAT-2024-0635,ENG 101,Engineering Mechanics,16.3
MAT-2024-0636,PHY 101,General Physics I,24.8
MAT-2024-0636,ENG 101,Engineering Mechanics,13.0
MAT-2024-0636,GST 102,Nigerian Peoples and Culture,10.4
MAT-2024-0637,CHM 101,General Chemistry I,20.5
MAT-2024-0637,CSC 101,Introduction to Computer Science,27.2
MAT-2024-0637,PHY 101,General Physics I,28.8
MAT-2024-0637,MAT 101,General Mathematics I,27.8
MAT-2024-0637,MAT 102,General Mathematics II,21.6
MAT-2024-0637,GST 102,Nigerian Peoples and Culture,21.8
MAT-2024-0637,GST 101,Use of English,19.1
MAT-2024-0637,STA 101,Introductory Statistics,24.3
MAT-2024-0637,BIO 101,General Biology I,27.7
MAT-2024-0637,CSC 102,Introduction to Problem Solving,25.5
MAT-2024-0638,CHM 102,Practical Chemistry I,27.3
MAT-2024-0638,CSC 101,Introduction to Computer Science,27.5
MAT-2024-0638,STA 101,Introductory Statistics,25.8
MAT-2024-0638,BIO 101,General Biology I,26.8
MAT-2024-0638,MAT 102,General Mathematics II,25.2
MAT-2024-0638,GST 101,Use of English,20.7
MAT-2024-0638,PHY 101,General Physics I,30.0
MAT-2024-0639,MAT 101,General Mathematics I,12.1
MAT-2024-0639,GST 101,Use of English,14.0
MAT-2024-0639,CSC 102,Introduction to Problem Solving,9.7
MAT-2024-0639,CSC 101,Introduction to Computer Science,12.8
MAT-2024-0639,CHM 102,Practical Chemistry I,17.2
MAT-2024-0639,MAT 102,General Mathematics II,18.2
MAT-2024-0639,CHM 101,General Chemistry I,17.4
MAT-2024-0640,CSC 101,Introduction to Computer Science,13.5
MAT-2024-0640,PHY 101,General Physics I,18.9
MAT-2024-0640,STA 101,Introductory Statistics,12.2
MAT-2024-0640,MAT 101,General Mathematics I,22.5
MAT-2024-0640,ENG 101,Engineering Mechanics,15.6
MAT-2024-0640,CHM 101,General Chemistry I,12.4
MAT-2024-0640,GST 102,Nigerian Peoples and Culture,16.0
MAT-2024-0640,BIO 101,General Biology I,18.8
MAT-2024-0640,CHM 102,Practical Chemistry I,18.0
MAT-2024-0641,PHY 102,Practical Physics I,19.1
MAT-2024-0642,CHM 102,Practical Chemistry I,25.7
MAT-2024-0643,CHM 102,Practical Chemistry I,25.5
MAT-2024-0643,MAT 101,General Mathematics I,28.4
MAT-2024-0644,CSC 102,Introduction to Problem Solving,15.1
MAT-2024-0645,ENG 101,Engineering Mechanics,11.6
MAT-2024-0645,BIO 101,General Biology I,5.4
MAT-2024-0646,PHY 101,General Physics I,22.9
MAT-2024-0646,GST 102,Nigerian Peoples and Culture,17.4
MAT-2024-0646,CHM 101,General Chemistry I,16.9
MAT-2024-0646,BIO 101,General Biology I,12.7
MAT-2024-0646,CSC 101,Introduction to Computer Science,22.1
MAT-2024-0646,GST 101,Use of English,17.7
MAT-2024-0646,STA 101,Introductory Statistics,8.8
MAT-2024-0647,CHM 102,Practical Chemistry I,17.7
MAT-2024-0647,MAT 101,General Mathematics I,17.6
MAT-2024-0647,CHM 101,General Chemistry I,16.8
MAT-2024-0647,ENG 101,Engineering Mechanics,16.3
MAT-2024-0647,PHY 101,General Physics I,15.1
MAT-2024-0647,MAT 102,General Mathematics II,22.5
MAT-2024-0647,BIO 101,General Biology I,20.2
MAT-2024-0647,PHY 102,Practical Physics I,25.1
MAT-2024-0647,GST 102,Nigerian Peoples and Culture,20.4
MAT-2024-0647,GST 101,Use of English,12.0
MAT-2024-0647,CSC 102,Introduction to Problem Solving,23.4
MAT-2024-0648,CSC 102,Introduction to Problem Solving,18.7
MAT-2024-0648,PHY 102,Practical Physics I,25.3
MAT-2024-0648,PHY 101,General Physics I,13.7
MAT-2024-0648,CHM 101,General Chemistry I,18.4
MAT-2024-0648,CHM 102,Practical Chemistry I,12.2
MAT-2024-0648,GST 102,Nigerian Peoples and Culture,14.7
MAT-2024-0648,GST 101,Use of English,15.3
MAT-2024-0648,BIO 101,General Biology I,14.4
MAT-2024-0648,MAT 102,General Mathematics II,25.0
MAT-2024-0649,MAT 102,General Mathematics II,12.0
MAT-2024-0649,CHM 101,General Chemistry I,12.6
MAT-2024-0649,GST 102,Nigerian Peoples and Culture,15.5
MAT-2024-0649,GST 101,Use of English,22.8
MAT-2024-0650,CSC 102,Introduction to Problem Solving,18.3
MAT-2024-0650,ENG 101,Engineering Mechanics,13.5
MAT-2024-0650,CHM 101,General Chemistry I,20.7
MAT-2024-0650,CSC 101,Introduction to Computer Science,16.5
MAT-2024-0650,MAT 101,General Mathematics I,17.8
MAT-2024-0650,BIO 101,General Biology I,18.2
MAT-2024-0651,CSC 102,Introduction to Problem Solving,29.2
MAT-2024-0651,BIO 101,General Biology I,24.2
MAT-2024-0651,STA 101,Introductory Statistics,20.7
MAT-2024-0651,GST 101,Use of English,17.2
MAT-2024-0652,MAT 101,General Mathematics I,14.1
MAT-2024-0653,PHY 101,General Physics I,18.7
MAT-2024-0653,MAT 102,General Mathematics II,17.5
MAT-2024-0653,PHY 102,Practical Physics I,16.3
MAT-2024-0653,BIO 101,General Biology I,22.4
MAT-2024-0653,CSC 101,Introduction to Computer Science,10.2
MAT-2024-0653,CSC 102,Introduction to Problem Solving,18.5
MAT-2024-0653,ENG 101,Engineering Mechanics,17.0
MAT-2024-0653,CHM 101,General Chemistry I,12.3
MAT-2024-0653,MAT 101,General Mathematics I,23.7
MAT-2024-0653,STA 101,Introductory Statistics,6.5
MAT-2024-0653,CHM 102,Practical Chemistry I,17.8
MAT-2024-0654,GST 101,Use of English,13.4
MAT-2024-0654,BIO 101,General Biology I,14.9
MAT-2024-0654,CHM 101,General Chemistry I,11.4
MAT-2024-0654,CHM 102,Practical Chemistry I,9.1
MAT-2024-0654,CSC 102,Introduction to Problem Solving,10.0
MAT-2024-0654,MAT 101,General Mathematics I,18.5
MAT-2024-0654,GST 102,Nigerian Peoples and Culture,12.8
MAT-2024-0654,PHY 101,General Physics I,16.0
MAT-2024-0654,ENG 101,Engineering Mechanics,8.7
MAT-2024-0654,CSC 101,Introduction to Computer Science,16.8
MAT-2024-0654,STA 101,Introductory Statistics,15.5
MAT-2024-0655,STA 101,Introductory Statistics,24.2
MAT-2024-0655,ENG 101,Engineering Mechanics,17.2
MAT-2024-0655,PHY 101,General Physics I,13.3
MAT-2024-0655,CHM 102,Practical Chemistry I,14.0
MAT-2024-0655,MAT 101,General Mathematics I,10.1
MAT-2024-0655,GST 102,Nigerian Peoples and Culture,11.3
MAT-2024-0655,CSC 102,Introduction to Problem Solving,10.7
MAT-2024-0655,PHY 102,Practical Physics I,16.9
MAT-2024-0655,MAT 102,General Mathematics II,17.6
MAT-2024-0655,CSC 101,Introduction to Computer Science,16.2
MAT-2024-0655,CHM 101,General Chemistry I,17.3
MAT-2024-0656,PHY 102,Practical Physics I,13.8
MAT-2024-0656,CHM 101,General Chemistry I,13.9
MAT-2024-0656,PHY 101,General Physics I,10.0
MAT-2024-0656,STA 101,Introductory Statistics,12.0
MAT-2024-0656,MAT 102,General Mathematics II,17.0
MAT-2024-0656,CSC 101,Introduction to Computer Science,15.8
MAT-2024-0656,MAT 101,General Mathematics I,12.6
MAT-2024-0656,GST 101,Use of English,17.9
MAT-2024-0657,BIO 101,General Biology I,23.4
MAT-2024-0657,CHM 101,General Chemistry I,22.0
MAT-2024-0657,ENG 101,Engineering Mechanics,14.4
MAT-2024-0657,MAT 102,General Mathematics II,19.3
MAT-2024-0657,CHM 102,Practical Chemistry I,24.9
MAT-2024-0657,CSC 101,Introduction to Computer Science,17.8
MAT-2024-0657,MAT 101,General Mathematics I,26.2
MAT-2024-0658,CSC 102,Introduction to Problem Solving,8.1
MAT-2024-0658,MAT 102,General Mathematics II,17.6
MAT-2024-0658,MAT 101,General Mathematics I,15.0
MAT-2024-0659,PHY 101,General Physics I,24.4
MAT-2024-0659,ENG 101,Engineering Mechanics,15.7
MAT-2024-0659,PHY 102,Practical Physics I,19.5
MAT-2024-0660,MAT 102,General Mathematics II,26.5
MAT-2024-0660,PHY 102,Practical Physics I,16.9
MAT-2024-0660,CHM 102,Practical Chemistry I,22.7
MAT-2024-0660,BIO 101,General Biology I,21.8
MAT-2024-0660,CSC 101,Introduction to Computer Science,19.4
MAT-2024-0660,ENG 101,Engineering Mechanics,23.2
MAT-2024-0660,CSC 102,Introduction to Problem Solving,15.9
MAT-2024-0660,GST 102,Nigerian Peoples and Culture,27.3
MAT-2024-0661,MAT 101,General Mathematics I,10.1
MAT-2024-0661,CHM 102,Practical Chemistry I,7.8
MAT-2024-0661,CSC 101,Introduction to Computer Science,7.5
MAT-2024-0661,BIO 101,General Biology I,10.7
MAT-2024-0661,PHY 102,Practical Physics I,7.9
MAT-2024-0661,PHY 101,General Physics I,15.7
MAT-2024-0661,GST 101,Use of English,14.9
MAT-2024-0661,ENG 101,Engineering Mechanics,14.9
MAT-2024-0661,MAT 102,General Mathematics II,8.2
MAT-2024-0661,CHM 101,General Chemistry I,6.3
MAT-2024-0662,CHM 102,Practical Chemistry I,17.5
MAT-2024-0662,STA 101,Introductory Statistics,22.3
MAT-2024-0662,MAT 101,General Mathematics I,27.9
MAT-2024-0662,GST 102,Nigerian Peoples and Culture,16.8
MAT-2024-0662,GST 101,Use of English,23.0
MAT-2024-0663,STA 101,Introductory Statistics,19.6
MAT-2024-0663,GST 102,Nigerian Peoples and Culture,22.7
MAT-2024-0663,CSC 102,Introduction to Problem Solving,23.4
MAT-2024-0663,PHY 102,Practical Physics I,16.6
MAT-2024-0663,PHY 101,General Physics I,22.1
MAT-2024-0663,ENG 101,Engineering Mechanics,24.6
MAT-2024-0663,MAT 102,General Mathematics II,23.0
MAT-2024-0663,BIO 101,General Biology I,18.9
MAT-2024-0663,CHM 102,Practical Chemistry I,11.0
MAT-2024-0663,GST 101,Use of English,21.4
MAT-2024-0663,CHM 101,General Chemistry I,26.9
MAT-2024-0664,CHM 102,Practical Chemistry I,8.6
MAT-2024-0664,MAT 102,General Mathematics II,11.6
MAT-2024-0664,ENG 101,Engineering Mechanics,14.5
MAT-2024-0664,CSC 101,Introduction to Computer Science,8.6
MAT-2024-0664,GST 102,Nigerian Peoples and Culture,12.3
MAT-2024-0664,MAT 101,General Mathematics I,12.0
MAT-2024-0664,BIO 101,General Biology I,13.2
MAT-2024-0664,STA 101,Introductory Statistics,9.9
MAT-2024-0664,PHY 101,General Physics I,6.1
MAT-2024-0664,GST 101,Use of English,7.9
MAT-2024-0664,CHM 101,General Chemistry I,11.1
MAT-2024-0665,PHY 101,General Physics I,21.8
MAT-2024-0665,BIO 101,General Biology I,10.2
MAT-2024-0665,STA 101,Introductory Statistics,16.8
MAT-2024-0666,STA 101,Introductory Statistics,16.2
MAT-2024-0666,CHM 101,General Chemistry I,18.7
MAT-2024-0666,MAT 101,General Mathematics I,19.9
MAT-2024-0666,GST 102,Nigerian Peoples and Culture,22.4
MAT-2024-0667,GST 102,Nigerian Peoples and Culture,15.4
MAT-2024-0667,CHM 102,Practical Chemistry I,20.6
MAT-2024-0667,ENG 101,Engineering Mechanics,5.6
MAT-2024-0667,CSC 102,Introduction to Problem Solving,10.2
MAT-2024-0668,PHY 101,General Physics I,19.3
MAT-2024-0668,BIO 101,General Biology I,16.2
MAT-2024-0668,CSC 102,Introduction to Problem Solving,21.7
MAT-2024-0668,PHY 102,Practical Physics I,24.4
MAT-2024-0669,PHY 101,General Physics I,17.8
MAT-2024-0669,BIO 101,General Biology I,20.3
MAT-2024-0669,CSC 102,Introduction to Problem Solving,15.2
MAT-2024-0669,STA 101,Introductory Statistics,9.2
MAT-2024-0669,MAT 102,General Mathematics II,23.1
MAT-2024-0669,CHM 102,Practical Chemistry I,21.8
MAT-2024-0669,PHY 102,Practical Physics I,19.4
MAT-2024-0669,ENG 101,Engineering Mechanics,22.3
MAT-2024-0670,PHY 101,General Physics I,13.7
MAT-2024-0671,ENG 101,Engineering Mechanics,13.7
MAT-2024-0671,MAT 101,General Mathematics I,10.1
MAT-2024-0671,GST 102,Nigerian Peoples and Culture,12.7
MAT-2024-0671,CHM 102,Practical Chemistry I,6.4
MAT-2024-0671,CSC 102,Introduction to Problem Solving,13.2
MAT-2024-0671,PHY 101,General Physics I,6.4
MAT-2024-0671,MAT 102,General Mathematics II,5.0
MAT-2024-0672,PHY 102,Practical Physics I,8.8
MAT-2024-0672,CHM 102,Practical Chemistry I,17.6
MAT-2024-0672,CHM 101,General Chemistry I,23.3
MAT-2024-0672,GST 102,Nigerian Peoples and Culture,25.0
MAT-2024-0672,MAT 102,General Mathematics II,17.5
MAT-2024-0672,GST 101,Use of English,17.4
MAT-2024-0672,STA 101,Introductory Statistics,16.7
MAT-2024-0672,ENG 101,Engineering Mechanics,17.4
MAT-2024-0672,BIO 101,General Biology I,24.2
MAT-2024-0672,CSC 101,Introduction to Computer Science,26.1
MAT-2024-0673,MAT 101,General Mathematics I,25.1
MAT-2024-0673,GST 101,Use of English,20.1
MAT-2024-0673,BIO 101,General Biology I,18.5
MAT-2024-0673,STA 101,Introductory Statistics,22.6
MAT-2024-0673,GST 102,Nigerian Peoples and Culture,22.5
MAT-2024-0673,CHM 102,Practical Chemistry I,20.3
MAT-2024-0674,STA 101,Introductory Statistics,23.1
MAT-2024-0674,CSC 102,Introduction to Problem Solving,16.1
MAT-2024-0674,BIO 101,General Biology I,15.0
MAT-2024-0674,PHY 101,General Physics I,12.8
MAT-2024-0674,PHY 102,Practical Physics I,8.6
MAT-2024-0674,GST 101,Use of English,6.0
MAT-2024-0674,MAT 101,General Mathematics I,11.8
MAT-2024-0674,CSC 101,Introduction to Computer Science,21.7
MAT-2024-0674,MAT 102,General Mathematics II,21.6
MAT-2024-0674,CHM 101,General Chemistry I,15.5
MAT-2024-0674,CHM 102,Practical Chemistry I,17.0
MAT-2024-0675,STA 101,Introductory Statistics,19.5
MAT-2024-0675,CSC 102,Introduction to Problem Solving,15.9
MAT-2024-0675,PHY 101,General Physics I,20.0
MAT-2024-0675,MAT 101,General Mathematics I,17.1
MAT-2024-0675,CSC 101,Introduction to Computer Science,20.3
MAT-2024-0675,BIO 101,General Biology I,11.0
MAT-2024-0675,CHM 102,Practical Chemistry I,13.2
MAT-2024-0675,MAT 102,General Mathematics II,14.5
MAT-2024-0675,GST 101,Use of English,22.6
MAT-2024-0676,CHM 101,General Chemistry I,22.7
MAT-2024-0676,PHY 102,Practical Physics I,19.3
MAT-2024-0677,GST 101,Use of English,12.0
MAT-2024-0677,PHY 101,General Physics I,17.6
MAT-2024-0677,ENG 101,Engineering Mechanics,18.8
MAT-2024-0677,MAT 102,General Mathematics II,25.5
MAT-2024-0678,MAT 102,General Mathematics II,2.6
MAT-2024-0678,GST 101,Use of English,12.4
MAT-2024-0678,STA 101,Introductory Statistics,10.1
MAT-2024-0678,PHY 101,General Physics I,1.4
MAT-2024-0678,ENG 101,Engineering Mechanics,6.6
MAT-2024-0678,MAT 101,General Mathematics I,7.0
MAT-2024-0678,CHM 102,Practical Chemistry I,5.0
MAT-2024-0678,GST 102,Nigerian Peoples and Culture,9.5
MAT-2024-0679,PHY 101,General Physics I,12.8
MAT-2024-0679,BIO 101,General Biology I,17.7
MAT-2024-0679,CSC 102,Introduction to Problem Solving,23.6
MAT-2024-0679,PHY 102,Practical Physics I,24.1
MAT-2024-0679,GST 102,Nigerian Peoples and Culture,28.9
MAT-2024-0679,CSC 101,Introduction to Computer Science,23.6
MAT-2024-0679,GST 101,Use of English,22.5
MAT-2024-0679,MAT 101,General Mathematics I,24.6
MAT-2024-0679,CHM 101,General Chemistry I,13.5
MAT-2024-0679,STA 101,Introductory Statistics,18.8
MAT-2024-0680,ENG 101,Engineering Mechanics,16.2
MAT-2024-0680,PHY 102,Practical Physics I,13.0
MAT-2024-0680,BIO 101,General Biology I,13.6
MAT-2024-0680,GST 102,Nigerian Peoples and Culture,21.7
MAT-2024-0680,CSC 101,Introduction to Computer Science,18.4
MAT-2024-0680,CSC 102,Introduction to Problem Solving,20.9
MAT-2024-0680,STA 101,Introductory Statistics,17.5
MAT-2024-0680,PHY 101,General Physics I,13.2
MAT-2024-0680,MAT 101,General Mathematics I,23.6
MAT-2024-0681,CHM 102,Practical Chemistry I,16.2
MAT-2024-0681,PHY 102,Practical Physics I,11.7
MAT-2024-0681,CSC 102,Introduction to Problem Solving,13.6
MAT-2024-0681,STA 101,Introductory Statistics,15.4
MAT-2024-0681,GST 102,Nigerian Peoples and Culture,0.6
MAT-2024-0681,ENG 101,Engineering Mechanics,9.6
MAT-2024-0681,GST 101,Use of English,19.2
MAT-2024-0682,CSC 102,Introduction to Problem Solving,9.3
MAT-2024-0682,GST 101,Use of English,13.0
MAT-2024-0682,CHM 101,General Chemistry I,7.2
MAT-2024-0682,ENG 101,Engineering Mechanics,3.6
MAT-2024-0682,STA 101,Introductory Statistics,4.0
MAT-2024-0682,CHM 102,Practical Chemistry I,3.7
MAT-2024-0682,MAT 102,General Mathematics II,10.8
MAT-2024-0682,PHY 101,General Physics I,14.8
MAT-2024-0682,GST 102,Nigerian Peoples and Culture,6.6
MAT-2024-0682,PHY 102,Practical Physics I,11.4
MAT-2024-0683,CSC 102,Introduction to Problem Solving,15.0
MAT-2024-0683,MAT 102,General Mathematics II,9.9
MAT-2024-0683,GST 102,Nigerian Peoples and Culture,5.5
MAT-2024-0683,CHM 101,General Chemistry I,9.1
MAT-2024-0683,CHM 102,Practical Chemistry I,17.6
MAT-2024-0683,STA 101,Introductory Statistics,16.4
MAT-2024-0683,BIO 101,General Biology I,7.7
MAT-2024-0683,ENG 101,Engineering Mechanics,6.3
MAT-2024-0683,PHY 102,Practical Physics I,10.5
MAT-2024-0683,PHY 101,General Physics I,16.3
MAT-2024-0684,GST 101,Use of English,10.1
MAT-2024-0684,PHY 102,Practical Physics I,21.9
MAT-2024-0684,CHM 101,General Chemistry I,11.9
MAT-2024-0684,STA 101,Introductory Statistics,18.1
MAT-2024-0685,CSC 101,Introduction to Computer Science,26.1
MAT-2024-0685,CSC 102,Introduction to Problem Solving,18.7
MAT-2024-0685,CHM 102,Practical Chemistry I,21.0
MAT-2024-0685,MAT 102,General Mathematics II,23.5
MAT-2024-0685,GST 102,Nigerian Peoples and Culture,20.2
MAT-2024-0685,STA 101,Introductory Statistics,25.0
MAT-2024-0685,BIO 101,General Biology I,25.6
MAT-2024-0685,MAT 101,General Mathematics I,24.8
MAT-2024-0685,PHY 102,Practical Physics I,26.8
MAT-2024-0685,GST 101,Use of English,19.1
MAT-2024-0685,CHM 101,General Chemistry I,26.4
MAT-2024-0686,CHM 102,Practical Chemistry I,11.3
MAT-2024-0686,CSC 102,Introduction to Problem Solving,14.1
MAT-2024-0686,ENG 101,Engineering Mechanics,19.0
MAT-2024-0686,GST 102,Nigerian Peoples and Culture,9.7
MAT-2024-0686,CHM 101,General Chemistry I,18.9
MAT-2024-0686,MAT 102,General Mathematics II,11.5
MAT-2024-0686,BIO 101,General Biology I,10.5
MAT-2024-0686,MAT 101,General Mathematics I,15.3
MAT-2024-0686,PHY 102,Practical Physics I,17.9
MAT-2024-0686,STA 101,Introductory Statistics,14.5
MAT-2024-0687,ENG 101,Engineering Mechanics,24.1
MAT-2024-0688,MAT 101,General Mathematics I,25.0
MAT-2024-0688,CHM 102,Practical Chemistry I,17.8
MAT-2024-0688,MAT 102,General Mathematics II,22.8
MAT-2024-0689,CHM 101,General Chemistry I,25.8
MAT-2024-0689,CSC 101,Introduction to Computer Science,23.9
MAT-2024-0689,MAT 102,General Mathematics II,18.1
MAT-2024-0689,CHM 102,Practical Chemistry I,22.2
MAT-2024-0690,MAT 101,General Mathematics I,20.4
MAT-2024-0690,CSC 102,Introduction to Problem Solving,18.2
MAT-2024-0690,CHM 101,General Chemistry I,14.4
MAT-2024-0691,MAT 102,General Mathematics II,23.1
MAT-2024-0691,GST 102,Nigerian Peoples and Culture,18.0
MAT-2024-0691,MAT 101,General Mathematics I,18.9
MAT-2024-0691,STA 101,Introductory Statistics,12.3
MAT-2024-0692,PHY 101,General Physics I,25.5
MAT-2024-0692,PHY 102,Practical Physics I,22.7
MAT-2024-0692,CHM 102,Practical Chemistry I,24.5
MAT-2024-0692,GST 102,Nigerian Peoples and Culture,17.0
MAT-2024-0692,GST 101,Use of English,20.7
MAT-2024-0692,ENG 101,Engineering Mechanics,19.9
MAT-2024-0692,MAT 102,General Mathematics II,23.6
MAT-2024-0692,CHM 101,General Chemistry I,23.7
MAT-2024-0693,CSC 102,Introduction to Problem Solving,21.3
MAT-2024-0693,CHM 102,Practical Chemistry I,18.2
MAT-2024-0693,MAT 101,General Mathematics I,19.5
MAT-2024-0693,ENG 101,Engineering Mechanics,17.5
MAT-2024-0693,PHY 102,Practical Physics I,24.3
MAT-2024-0694,MAT 102,General Mathematics II,25.1
MAT-2024-0694,CHM 102,Practical Chemistry I,27.6
MAT-2024-0694,STA 101,Introductory Statistics,14.3
MAT-2024-0694,GST 102,Nigerian Peoples and Culture,24.9
MAT-2024-0694,MAT 101,General Mathematics I,23.7
MAT-2024-0694,PHY 102,Practical Physics I,17.8
MAT-2024-0694,CSC 102,Introduction to Problem Solving,22.3
MAT-2024-0695,GST 101,Use of English,16.9
MAT-2024-0695,PHY 102,Practical Physics I,21.0
MAT-2024-0695,BIO 101,General Biology I,21.2
MAT-2024-0695,MAT 102,General Mathematics II,23.0
MAT-2024-0695,STA 101,Introductory Statistics,18.1
MAT-2024-0696,GST 102,Nigerian Peoples and Culture,20.0
MAT-2024-0696,CSC 102,Introduction to Problem Solving,24.4
MAT-2024-0696,PHY 102,Practical Physics I,21.4
MAT-2024-0696,GST 101,Use of English,23.5
MAT-2024-0696,CHM 102,Practical Chemistry I,25.2
MAT-2024-0696,CHM 101,General Chemistry I,17.9
MAT-2024-0696,MAT 102,General Mathematics II,23.4
MAT-2024-0696,PHY 101,General Physics I,28.2
MAT-2024-0696,MAT 101,General Mathematics I,30.0
MAT-2024-0696,STA 101,Introductory Statistics,22.9
MAT-2024-0697,CSC 102,Introduction to Problem Solving,22.1
MAT-2024-0697,GST 102,Nigerian Peoples and Culture,29.9
MAT-2024-0697,PHY 101,General Physics I,24.2
MAT-2024-0698,MAT 101,General Mathematics I,13.5
MAT-2024-0698,ENG 101,Engineering Mechanics,12.2
MAT-2024-0698,CHM 101,General Chemistry I,19.7
MAT-2024-0698,GST 102,Nigerian Peoples and Culture,17.9
MAT-2024-0698,CHM 102,Practical Chemistry I,17.9
MAT-2024-0698,CSC 101,Introduction to Computer Science,21.5
MAT-2024-0698,PHY 101,General Physics I,17.0
MAT-2024-0699,CHM 101,General Chemistry I,19.0
MAT-2024-0699,MAT 101,General Mathematics I,21.9
MAT-2024-0699,STA 101,Introductory Statistics,12.7
MAT-2024-0699,BIO 101,General Biology I,12.6
MAT-2024-0699,CSC 101,Introduction to Computer Science,10.3
MAT-2024-0699,CSC 102,Introduction to Problem Solving,11.2
MAT-2024-0699,PHY 101,General Physics I,15.2
MAT-2024-0699,GST 102,Nigerian Peoples and Culture,23.1
MAT-2024-0699,MAT 102,General Mathematics II,16.8
MAT-2024-0699,PHY 102,Practical Physics I,12.5
MAT-2024-0700,PHY 102,Practical Physics I,10.9
MAT-2024-0700,CHM 102,Practical Chemistry I,11.8
MAT-2024-0700,CHM 101,General Chemistry I,11.8
MAT-2024-0700,BIO 101,General Biology I,9.4
MAT-2024-0700,GST 102,Nigerian Peoples and Culture,11.6
MAT-2024-0700,STA 101,Introductory Statistics,12.4
MAT-2024-0700,MAT 101,General Mathematics I,13.4
MAT-2024-0700,MAT 102,General Mathematics II,17.4
MAT-2024-0700,CSC 101,Introduction to Computer Science,11.4
MAT-2024-0700,PHY 101,General Physics I,10.8
MAT-2024-0700,ENG 101,Engineering Mechanics,6.9
MAT-2024-0701,PHY 101,General Physics I,17.1
MAT-2024-0701,GST 102,Nigerian Peoples and Culture,22.6
MAT-2024-0701,CSC 101,Introduction to Computer Science,19.5
MAT-2024-0701,ENG 101,Engineering Mechanics,19.3
MAT-2024-0701,CSC 102,Introduction to Problem Solving,22.3
MAT-2024-0701,PHY 102,Practical Physics I,18.9
MAT-2024-0701,MAT 101,General Mathematics I,21.4
MAT-2024-0701,CHM 102,Practical Chemistry I,15.6
MAT-2024-0701,MAT 102,General Mathematics II,24.8
MAT-2024-0702,CHM 102,Practical Chemistry I,25.7
MAT-2024-0702,STA 101,Introductory Statistics,22.3
MAT-2024-0702,CSC 102,Introduction to Problem Solving,26.6
MAT-2024-0702,MAT 102,General Mathematics II,22.2
MAT-2024-0703,GST 101,Use of English,10.9
MAT-2024-0703,PHY 102,Practical Physics I,17.5
MAT-2024-0703,GST 102,Nigerian Peoples and Culture,18.2
MAT-2024-0703,BIO 101,General Biology I,13.8
MAT-2024-0703,CHM 102,Practical Chemistry I,14.2
MAT-2024-0704,MAT 101,General Mathematics I,22.8
MAT-2024-0704,PHY 101,General Physics I,18.3
MAT-2024-0704,CHM 102,Practical Chemistry I,22.7
MAT-2024-0704,STA 101,Introductory Statistics,19.1
MAT-2024-0704,BIO 101,General Biology I,20.2
MAT-2024-0704,GST 101,Use of English,27.1
MAT-2024-0704,PHY 102,Practical Physics I,20.6
MAT-2024-0704,CHM 101,General Chemistry I,20.6
MAT-2024-0704,ENG 101,Engineering Mechanics,22.5
MAT-2024-0704,CSC 102,Introduction to Problem Solving,26.4
MAT-2024-0704,MAT 102,General Mathematics II,21.8
MAT-2024-0705,STA 101,Introductory Statistics,23.8
MAT-2024-0705,ENG 101,Engineering Mechanics,15.7
MAT-2024-0705,PHY 101,General Physics I,25.0
MAT-2024-0705,CSC 102,Introduction to Problem Solving,14.4
MAT-2024-0705,CHM 101,General Chemistry I,17.1
MAT-2024-0705,GST 102,Nigerian Peoples and Culture,16.2
MAT-2024-0705,MAT 101,General Mathematics I,18.1
MAT-2024-0705,BIO 101,General Biology I,21.6
MAT-2024-0705,CSC 101,Introduction to Computer Science,23.1
MAT-2024-0705,GST 101,Use of English,20.1
MAT-2024-0705,CHM 102,Practical Chemistry I,15.3
MAT-2024-0706,CHM 101,General Chemistry I,19.0
MAT-2024-0707,GST 101,Use of English,19.5
MAT-2024-0707,STA 101,Introductory Statistics,16.3
MAT-2024-0707,GST 102,Nigerian Peoples and Culture,25.5
MAT-2024-0707,PHY 101,General Physics I,21.9
MAT-2024-0707,PHY 102,Practical Physics I,19.6
MAT-2024-0707,CSC 101,Introduction to Computer Science,16.1
MAT-2024-0707,ENG 101,Engineering Mechanics,18.1
MAT-2024-0707,CHM 101,General Chemistry I,22.2
MAT-2024-0707,CSC 102,Introduction to Problem Solving,21.5
MAT-2024-0707,MAT 101,General Mathematics I,21.5
MAT-2024-0707,BIO 101,General Biology I,16.6
MAT-2024-0708,GST 101,Use of English,22.4
MAT-2024-0708,CHM 102,Practical Chemistry I,26.8
MAT-2024-0709,MAT 102,General Mathematics II,15.2
MAT-2024-0709,GST 101,Use of English,11.8
MAT-2024-0709,CHM 102,Practical Chemistry I,12.1
MAT-2024-0709,ENG 101,Engineering Mechanics,8.0
MAT-2024-0709,PHY 101,General Physics I,5.4
MAT-2024-0709,CSC 102,Introduction to Problem Solving,15.1
MAT-2024-0709,CHM 101,General Chemistry I,11.4
MAT-2024-0709,STA 101,Introductory Statistics,14.9
MAT-2024-0709,BIO 101,General Biology I,9.7
MAT-2024-0709,MAT 101,General Mathematics I,10.3
MAT-2024-0709,CSC 101,Introduction to Computer Science,14.1
MAT-2024-0710,CSC 101,Introduction to Computer Science,16.9
MAT-2024-0710,MAT 101,General Mathematics I,15.6
MAT-2024-0710,BIO 101,General Biology I,13.8
MAT-2024-0710,STA 101,Introductory Statistics,11.0
MAT-2024-0710,CSC 102,Introduction to Problem Solving,18.3
MAT-2024-0710,PHY 101,General Physics I,11.9
MAT-2024-0710,GST 102,Nigerian Peoples and Culture,14.5
MAT-2024-0710,ENG 101,Engineering Mechanics,17.6
MAT-2024-0710,CHM 102,Practical Chemistry I,10.1
MAT-2024-0710,MAT 102,General Mathematics II,9.6
MAT-2024-0710,GST 101,Use of English,24.0
MAT-2024-0711,PHY 102,Practical Physics I,18.1
MAT-2024-0711,GST 101,Use of English,20.9
MAT-2024-0712,ENG 101,Engineering Mechanics,21.7
MAT-2024-0712,MAT 102,General Mathematics II,25.0
MAT-2024-0712,BIO 101,General Biology I,18.9
MAT-2024-0712,CSC 102,Introduction to Problem Solving,22.5
MAT-2024-0712,PHY 102,Practical Physics I,19.7
MAT-2024-0713,MAT 101,General Mathematics I,9.3
MAT-2024-0713,ENG 101,Engineering Mechanics,14.2
MAT-2024-0713,CHM 102,Practical Chemistry I,12.3
MAT-2024-0713,PHY 101,General Physics I,10.3
MAT-2024-0713,GST 102,Nigerian Peoples and Culture,14.5
MAT-2024-0713,MAT 102,General Mathematics II,11.6
MAT-2024-0714,CSC 102,Introduction to Problem Solving,5.6
MAT-2024-0714,PHY 102,Practical Physics I,5.9
MAT-2024-0714,PHY 101,General Physics I,9.3
MAT-2024-0714,MAT 102,General Mathematics II,12.4
MAT-2024-0714,MAT 101,General Mathematics I,8.1
MAT-2024-0714,CHM 102,Practical Chemistry I,7.0
MAT-2024-0714,CSC 101,Introduction to Computer Science,8.5
MAT-2024-0714,CHM 101,General Chemistry I,12.7
MAT-2024-0714,GST 102,Nigerian Peoples and Culture,4.0
MAT-2024-0714,ENG 101,Engineering Mechanics,12.9
MAT-2024-0714,GST 101,Use of English,11.5
MAT-2024-0715,PHY 102,Practical Physics I,15.7
MAT-2024-0715,PHY 101,General Physics I,12.0
MAT-2024-0715,CHM 101,General Chemistry I,21.7
MAT-2024-0715,BIO 101,General Biology I,20.5
MAT-2024-0715,ENG 101,Engineering Mechanics,15.5
MAT-2024-0716,CHM 102,Practical Chemistry I,15.9
MAT-2024-0716,MAT 101,General Mathematics I,13.3
MAT-2024-0716,BIO 101,General Biology I,20.6
MAT-2024-0716,CSC 101,Introduction to Computer Science,16.5
MAT-2024-0716,GST 102,Nigerian Peoples and Culture,18.3
MAT-2024-0716,GST 101,Use of English,18.5
MAT-2024-0716,PHY 101,General Physics I,14.1
MAT-2024-0717,MAT 102,General Mathematics II,26.3
MAT-2024-0717,GST 102,Nigerian Peoples and Culture,22.6
MAT-2024-0717,CHM 101,General Chemistry I,25.0
MAT-2024-0717,CSC 101,Introduction to Computer Science,22.7
MAT-2024-0717,CHM 102,Practical Chemistry I,17.0
MAT-2024-0717,STA 101,Introductory Statistics,23.1
MAT-2024-0717,MAT 101,General Mathematics I,22.9
MAT-2024-0718,GST 102,Nigerian Peoples and Culture,26.4
MAT-2024-0718,CSC 101,Introduction to Computer Science,24.4
MAT-2024-0718,PHY 101,General Physics I,25.1
MAT-2024-0718,MAT 101,General Mathematics I,25.6
MAT-2024-0718,PHY 102,Practical Physics I,20.3
MAT-2024-0718,ENG 101,Engineering Mechanics,20.8
MAT-2024-0718,CHM 101,General Chemistry I,22.5
MAT-2024-0718,BIO 101,General Biology I,25.6
MAT-2024-0718,MAT 102,General Mathematics II,19.2
MAT-2024-0719,GST 101,Use of English,17.2
MAT-2024-0719,CSC 102,Introduction to Problem Solving,18.9
MAT-2024-0719,STA 101,Introductory Statistics,10.1
MAT-2024-0719,MAT 102,General Mathematics II,18.2
MAT-2024-0719,ENG 101,Engineering Mechanics,24.4
MAT-2024-0720,GST 102,Nigerian Peoples and Culture,16.9
MAT-2024-0720,CSC 101,Introduction to Computer Science,9.2
MAT-2024-0720,CSC 102,Introduction to Problem Solving,11.2
MAT-2024-0720,CHM 102,Practical Chemistry I,12.1
MAT-2024-0720,GST 101,Use of English,20.5
MAT-2024-0720,CHM 101,General Chemistry I,21.9
MAT-2024-0720,PHY 101,General Physics I,8.9
MAT-2024-0720,MAT 101,General Mathematics I,4.7
MAT-2024-0720,ENG 101,Engineering Mechanics,11.1
MAT-2024-0720,STA 101,Introductory Statistics,13.3
MAT-2024-0720,PHY 102,Practical Physics I,13.3
MAT-2024-0721,CHM 102,Practical Chemistry I,20.3
MAT-2024-0721,GST 102,Nigerian Peoples and Culture,6.2
MAT-2024-0721,PHY 101,General Physics I,18.2
MAT-2024-0721,CHM 101,General Chemistry I,15.3
MAT-2024-0721,MAT 102,General Mathematics II,22.3
MAT-2024-0721,PHY 102,Practical Physics I,19.4
MAT-2024-0721,MAT 101,General Mathematics I,15.1
MAT-2024-0721,CSC 102,Introduction to Problem Solving,23.1
MAT-2024-0722,BIO 101,General Biology I,15.2
MAT-2024-0722,STA 101,Introductory Statistics,13.4
MAT-2024-0722,CSC 102,Introduction to Problem Solving,13.5
MAT-2024-0722,CSC 101,Introduction to Computer Science,13.3
MAT-2024-0722,GST 101,Use of English,7.9
MAT-2024-0722,PHY 101,General Physics I,7.1
MAT-2024-0722,PHY 102,Practical Physics I,12.4
MAT-2024-0722,CHM 101,General Chemistry I,13.4
MAT-2024-0722,MAT 101,General Mathematics I,9.6
MAT-2024-0722,MAT 102,General Mathematics II,10.9
MAT-2024-0723,BIO 101,General Biology I,11.6
MAT-2024-0723,MAT 102,General Mathematics II,25.1
MAT-2024-0723,STA 101,Introductory Statistics,6.4
MAT-2024-0723,PHY 102,Practical Physics I,10.8
MAT-2024-0723,CHM 101,General Chemistry I,7.1
MAT-2024-0723,CSC 101,Introduction to Computer Science,13.2
MAT-2024-0724,PHY 102,Practical Physics I,12.9
MAT-2024-0724,STA 101,Introductory Statistics,12.9
MAT-2024-0724,CSC 102,Introduction to Problem Solving,16.1
MAT-2024-0724,ENG 101,Engineering Mechanics,16.2
MAT-2024-0724,CSC 101,Introduction to Computer Science,12.9
MAT-2024-0724,MAT 101,General Mathematics I,12.1
MAT-2024-0724,GST 102,Nigerian Peoples and Culture,23.2
MAT-2024-0724,PHY 101,General Physics I,18.3
MAT-2024-0724,CHM 102,Practical Chemistry I,18.0
MAT-2024-0724,GST 101,Use of English,19.2
MAT-2024-0725,STA 101,Introductory Statistics,15.8
MAT-2024-0725,CSC 101,Introduction to Computer Science,12.8
MAT-2024-0725,CHM 102,Practical Chemistry I,12.3
MAT-2024-0725,MAT 102,General Mathematics II,12.4
MAT-2024-0725,BIO 101,General Biology I,1.8
MAT-2024-0726,BIO 101,General Biology I,13.4
MAT-2024-0726,STA 101,Introductory Statistics,16.7
MAT-2024-0726,CHM 101,General Chemistry I,16.4
MAT-2024-0726,MAT 102,General Mathematics II,23.1
MAT-2024-0726,GST 102,Nigerian Peoples and Culture,7.3
MAT-2024-0726,PHY 101,General Physics I,17.3
MAT-2024-0726,PHY 102,Practical Physics I,13.3
MAT-2024-0726,CSC 102,Introduction to Problem Solving,14.7
MAT-2024-0727,PHY 101,General Physics I,15.5
MAT-2024-0727,CHM 101,General Chemistry I,19.8
MAT-2024-0727,CSC 101,Introduction to Computer Science,23.1
MAT-2024-0727,GST 102,Nigerian Peoples and Culture,23.8
MAT-2024-0727,GST 101,Use of English,21.6
MAT-2024-0727,CSC 102,Introduction to Problem Solving,18.2
MAT-2024-0727,STA 101,Introductory Statistics,23.4
MAT-2024-0727,ENG 101,Engineering Mechanics,17.1
MAT-2024-0727,MAT 101,General Mathematics I,26.8
MAT-2024-0727,BIO 101,General Biology I,19.5
MAT-2024-0728,GST 102,Nigerian Peoples and Culture,15.2
MAT-2024-0729,MAT 101,General Mathematics I,4.5
MAT-2024-0729,PHY 102,Practical Physics I,15.5
MAT-2024-0729,CSC 102,Introduction to Problem Solving,22.8
MAT-2024-0729,ENG 101,Engineering Mechanics,15.3
MAT-2024-0729,GST 101,Use of English,12.9
MAT-2024-0729,MAT 102,General Mathematics II,11.5
MAT-2024-0729,CHM 101,General Chemistry I,11.6
MAT-2024-0729,CSC 101,Introduction to Computer Science,11.5
MAT-2024-0729,CHM 102,Practical Chemistry I,13.9
MAT-2024-0729,GST 102,Nigerian Peoples and Culture,3.5
MAT-2024-0729,STA 101,Introductory Statistics,2.8
MAT-2024-0730,STA 101,Introductory Statistics,11.8
MAT-2024-0730,ENG 101,Engineering Mechanics,5.9
MAT-2024-0730,GST 101,Use of English,1.0
MAT-2024-0731,CSC 102,Introduction to Problem Solving,21.5
MAT-2024-0731,CHM 101,General Chemistry I,21.9
MAT-2024-0731,CSC 101,Introduction to Computer Science,27.2
MAT-2024-0731,BIO 101,General Biology I,23.4
MAT-2024-0731,GST 102,Nigerian Peoples and Culture,20.2
MAT-2024-0731,PHY 101,General Physics I,22.6
MAT-2024-0731,GST 101,Use of English,18.3
MAT-2024-0731,CHM 102,Practical Chemistry I,24.1
MAT-2024-0731,MAT 102,General Mathematics II,24.7
MAT-2024-0731,MAT 101,General Mathematics I,28.3
MAT-2024-0732,GST 101,Use of English,16.9
MAT-2024-0732,PHY 102,Practical Physics I,17.4
MAT-2024-0732,CHM 102,Practical Chemistry I,8.9
MAT-2024-0732,CSC 101,Introduction to Computer Science,17.7
MAT-2024-0732,GST 102,Nigerian Peoples and Culture,16.0
MAT-2024-0732,CSC 102,Introduction to Problem Solving,17.3
MAT-2024-0732,MAT 102,General Mathematics II,15.5
MAT-2024-0732,PHY 101,General Physics I,16.9
MAT-2024-0732,STA 101,Introductory Statistics,17.1
MAT-2024-0732,CHM 101,General Chemistry I,17.1
MAT-2024-0732,BIO 101,General Biology I,16.2
MAT-2024-0733,STA 101,Introductory Statistics,19.3
MAT-2024-0733,MAT 101,General Mathematics I,25.2
MAT-2024-0733,GST 101,Use of English,24.3
MAT-2024-0733,BIO 101,General Biology I,20.9
MAT-2024-0733,CHM 102,Practical Chemistry I,24.8
MAT-2024-0733,PHY 101,General Physics I,26.7
MAT-2024-0733,CSC 101,Introduction to Computer Science,25.2
MAT-2024-0733,ENG 101,Engineering Mechanics,17.6
MAT-2024-0734,MAT 101,General Mathematics I,16.9
MAT-2024-0734,CHM 102,Practical Chemistry I,15.9
MAT-2024-0734,GST 101,Use of English,19.3
MAT-2024-0734,GST 102,Nigerian Peoples and Culture,17.1
MAT-2024-0735,ENG 101,Engineering Mechanics,11.7
MAT-2024-0735,BIO 101,General Biology I,0.0
MAT-2024-0735,CSC 102,Introduction to Problem Solving,6.8
MAT-2024-0735,MAT 101,General Mathematics I,10.8
MAT-2024-0735,PHY 102,Practical Physics I,0.0
MAT-2024-0735,STA 101,Introductory Statistics,8.0
MAT-2024-0736,CSC 102,Introduction to Problem Solving,24.0
MAT-2024-0736,GST 102,Nigerian Peoples and Culture,13.3
MAT-2024-0737,CHM 101,General Chemistry I,15.4
MAT-2024-0737,CSC 102,Introduction to Problem Solving,7.4
MAT-2024-0737,MAT 102,General Mathematics II,16.9
MAT-2024-0737,PHY 102,Practical Physics I,18.2
MAT-2024-0737,GST 102,Nigerian Peoples and Culture,6.0
MAT-2024-0737,CSC 101,Introduction to Computer Science,19.1
MAT-2024-0737,GST 101,Use of English,13.5
MAT-2024-0737,STA 101,Introductory Statistics,18.2
MAT-2024-0737,ENG 101,Engineering Mechanics,17.6
MAT-2024-0737,BIO 101,General Biology I,8.1
MAT-2024-0737,CHM 102,Practical Chemistry I,10.5
MAT-2024-0738,PHY 101,General Physics I,16.1
MAT-2024-0738,GST 102,Nigerian Peoples and Culture,26.7
MAT-2024-0738,CHM 101,General Chemistry I,19.0
MAT-2024-0738,ENG 101,Engineering Mechanics,16.3
MAT-2024-0738,GST 101,Use of English,23.8
MAT-2024-0738,PHY 102,Practical Physics I,19.4
MAT-2024-0738,CSC 101,Introduction to Computer Science,17.7
MAT-2024-0738,BIO 101,General Biology I,19.9
MAT-2024-0738,CSC 102,Introduction to Problem Solving,16.5
MAT-2024-0738,CHM 102,Practical Chemistry I,15.1
MAT-2024-0738,STA 101,Introductory Statistics,18.7
MAT-2024-0739,GST 102,Nigerian Peoples and Culture,23.4
MAT-2024-0740,BIO 101,General Biology I,15.5
MAT-2024-0740,CSC 101,Introduction to Computer Science,18.9
MAT-2024-0740,GST 101,Use of English,20.1
MAT-2024-0741,GST 102,Nigerian Peoples and Culture,15.2
MAT-2024-0741,CHM 102,Practical Chemistry I,17.5
MAT-2024-0742,GST 101,Use of English,20.1
MAT-2024-0742,CSC 101,Introduction to Computer Science,19.7
MAT-2024-0742,CSC 102,Introduction to Problem Solving,19.1
MAT-2024-0742,CHM 102,Practical Chemistry I,18.6
MAT-2024-0742,STA 101,Introductory Statistics,21.0
MAT-2024-0743,CSC 102,Introduction to Problem Solving,16.0
MAT-2024-0743,PHY 101,General Physics I,16.0
MAT-2024-0743,CHM 102,Practical Chemistry I,9.6
MAT-2024-0743,GST 101,Use of English,11.9
MAT-2024-0743,ENG 101,Engineering Mechanics,15.6
MAT-2024-0743,STA 101,Introductory Statistics,15.7
MAT-2024-0743,BIO 101,General Biology I,9.3
MAT-2024-0743,MAT 101,General Mathematics I,9.7
MAT-2024-0743,PHY 102,Practical Physics I,21.9
MAT-2024-0743,CHM 101,General Chemistry I,12.4
MAT-2024-0744,GST 101,Use of English,13.6
MAT-2024-0744,PHY 102,Practical Physics I,8.0
MAT-2024-0744,CSC 101,Introduction to Computer Science,16.2
MAT-2024-0744,ENG 101,Engineering Mechanics,15.3
MAT-2024-0744,MAT 101,General Mathematics I,15.7
MAT-2024-0744,MAT 102,General Mathematics II,11.6
MAT-2024-0744,GST 102,Nigerian Peoples and Culture,12.2
MAT-2024-0744,PHY 101,General Physics I,15.5
MAT-2024-0745,PHY 102,Practical Physics I,19.4
MAT-2024-0745,CSC 101,Introduction to Computer Science,17.1
MAT-2024-0745,CSC 102,Introduction to Problem Solving,24.7
MAT-2024-0745,GST 102,Nigerian Peoples and Culture,23.4
MAT-2024-0745,MAT 101,General Mathematics I,18.0
MAT-2024-0745,CHM 102,Practical Chemistry I,16.9
MAT-2024-0745,MAT 102,General Mathematics II,21.2
MAT-2024-0745,PHY 101,General Physics I,17.1
MAT-2024-0745,BIO 101,General Biology I,17.7
MAT-2024-0745,STA 101,Introductory Statistics,22.4
MAT-2024-0746,ENG 101,Engineering Mechanics,8.5
MAT-2024-0746,PHY 102,Practical Physics I,9.1
MAT-2024-0746,CSC 102,Introduction to Problem Solving,6.8
MAT-2024-0746,MAT 101,General Mathematics I,10.7
MAT-2024-0746,CHM 101,General Chemistry I,6.9
MAT-2024-0746,PHY 101,General Physics I,10.7
MAT-2024-0746,BIO 101,General Biology I,12.3
MAT-2024-0746,GST 101,Use of English,13.5
MAT-2024-0746,GST 102,Nigerian Peoples and Culture,12.6
MAT-2024-0747,BIO 101,General Biology I,21.3
MAT-2024-0747,CSC 101,Introduction to Computer Science,24.2
MAT-2024-0747,GST 101,Use of English,24.3
MAT-2024-0747,ENG 101,Engineering Mechanics,15.6
MAT-2024-0747,CSC 102,Introduction to Problem Solving,16.9
MAT-2024-0747,GST 102,Nigerian Peoples and Culture,16.1
MAT-2024-0747,CHM 101,General Chemistry I,15.0
MAT-2024-0747,STA 101,Introductory Statistics,10.3
MAT-2024-0748,CHM 101,General Chemistry I,10.1
MAT-2024-0748,CSC 101,Introduction to Computer Science,15.7
MAT-2024-0748,CHM 102,Practical Chemistry I,11.8
MAT-2024-0748,STA 101,Introductory Statistics,12.2
MAT-2024-0748,BIO 101,General Biology I,12.7
MAT-2024-0748,PHY 101,General Physics I,15.5
MAT-2024-0748,GST 102,Nigerian Peoples and Culture,15.9
MAT-2024-0748,GST 101,Use of English,11.3
MAT-2024-0748,PHY 102,Practical Physics I,12.3
MAT-2024-0749,PHY 101,General Physics I,15.1
MAT-2024-0749,MAT 101,General Mathematics I,15.7
MAT-2024-0749,GST 101,Use of English,17.4
MAT-2024-0750,GST 102,Nigerian Peoples and Culture,16.8
MAT-2024-0750,CHM 102,Practical Chemistry I,21.2
MAT-2024-0750,ENG 101,Engineering Mechanics,14.3
MAT-2024-0750,CSC 101,Introduction to Computer Science,17.4
MAT-2024-0750,PHY 101,General Physics I,14.8
MAT-2024-0750,PHY 102,Practical Physics I,16.5
MAT-2024-0750,GST 101,Use of English,14.7
MAT-2024-0750,CHM 101,General Chemistry I,22.3
MAT-2024-0750,STA 101,Introductory Statistics,26.6
MAT-2024-0751,MAT 102,General Mathematics II,27.1
MAT-2024-0752,GST 102,Nigerian Peoples and Culture,21.4
MAT-2024-0752,PHY 101,General Physics I,22.3
MAT-2024-0752,CSC 102,Introduction to Problem Solving,20.7
MAT-2024-0752,BIO 101,General Biology I,15.0
MAT-2024-0752,CSC 101,Introduction to Computer Science,24.1
MAT-2024-0752,MAT 101,General Mathematics I,16.3
MAT-2024-0752,ENG 101,Engineering Mechanics,19.5
MAT-2024-0752,STA 101,Introductory Statistics,23.3
MAT-2024-0752,GST 101,Use of English,14.3
MAT-2024-0753,ENG 101,Engineering Mechanics,18.6
MAT-2024-0753,STA 101,Introductory Statistics,12.0
MAT-2024-0753,MAT 101,General Mathematics I,11.7
MAT-2024-0753,GST 102,Nigerian Peoples and Culture,21.6
MAT-2024-0753,MAT 102,General Mathematics II,15.3
MAT-2024-0753,GST 101,Use of English,16.9
MAT-2024-0753,PHY 102,Practical Physics I,18.6
MAT-2024-0753,BIO 101,General Biology I,10.6
MAT-2024-0753,CSC 102,Introduction to Problem Solving,18.2
MAT-2024-0754,PHY 102,Practical Physics I,7.4
MAT-2024-0754,CSC 102,Introduction to Problem Solving,11.5
MAT-2024-0754,MAT 102,General Mathematics II,18.8
MAT-2024-0754,PHY 101,General Physics I,18.6
MAT-2024-0754,ENG 101,Engineering Mechanics,17.0
MAT-2024-0754,CSC 101,Introduction to Computer Science,22.6
MAT-2024-0755,BIO 101,General Biology I,9.3
MAT-2024-0755,GST 101,Use of English,13.6
MAT-2024-0755,PHY 101,General Physics I,12.1
MAT-2024-0755,CHM 101,General Chemistry I,18.1
MAT-2024-0755,GST 102,Nigerian Peoples and Culture,9.0
MAT-2024-0756,CHM 101,General Chemistry I,14.5
MAT-2024-0756,GST 101,Use of English,12.3
MAT-2024-0756,MAT 101,General Mathematics I,22.7
MAT-2024-0756,CHM 102,Practical Chemistry I,13.1
MAT-2024-0756,GST 102,Nigerian Peoples and Culture,15.1
MAT-2024-0756,PHY 101,General Physics I,17.5
MAT-2024-0756,MAT 102,General Mathematics II,17.4
MAT-2024-0757,ENG 101,Engineering Mechanics,21.8
MAT-2024-0758,GST 101,Use of English,14.9
MAT-2024-0758,CSC 102,Introduction to Problem Solving,13.1
MAT-2024-0758,STA 101,Introductory Statistics,17.8
MAT-2024-0758,ENG 101,Engineering Mechanics,16.3
MAT-2024-0758,CHM 102,Practical Chemistry I,19.8
MAT-2024-0758,PHY 101,General Physics I,15.5
MAT-2024-0758,BIO 101,General Biology I,16.0
MAT-2024-0758,MAT 102,General Mathematics II,22.6
MAT-2024-0758,CHM 101,General Chemistry I,19.0
MAT-2024-0758,CSC 101,Introduction to Computer Science,15.6
MAT-2024-0758,PHY 102,Practical Physics I,18.5
MAT-2024-0759,ENG 101,Engineering Mechanics,25.8
MAT-2024-0759,PHY 102,Practical Physics I,28.1
MAT-2024-0759,STA 101,Introductory Statistics,17.6
MAT-2024-0759,CSC 102,Introduction to Problem Solving,26.9
MAT-2024-0759,CHM 101,General Chemistry I,19.8
MAT-2024-0759,MAT 102,General Mathematics II,23.1
MAT-2024-0759,BIO 101,General Biology I,29.7
MAT-2024-0759,PHY 101,General Physics I,25.4
MAT-2024-0759,GST 101,Use of English,27.3
MAT-2024-0760,MAT 102,General Mathematics II,24.9
MAT-2024-0760,GST 102,Nigerian Peoples and Culture,23.4
MAT-2024-0760,BIO 101,General Biology I,21.5
MAT-2024-0760,CSC 101,Introduction to Computer Science,21.0
MAT-2024-0760,STA 101,Introductory Statistics,23.6
MAT-2024-0760,CHM 102,Practical Chemistry I,22.1
MAT-2024-0760,PHY 102,Practical Physics I,26.7
MAT-2024-0760,ENG 101,Engineering Mechanics,18.7
MAT-2024-0760,CHM 101,General Chemistry I,21.5
MAT-2024-0761,MAT 102,General Mathematics II,14.8
MAT-2024-0761,CSC 102,Introduction to Problem Solving,23.3
MAT-2024-0761,ENG 101,Engineering Mechanics,19.3
MAT-2024-0761,CSC 101,Introduction to Computer Science,20.0
MAT-2024-0761,PHY 101,General Physics I,17.2
MAT-2024-0761,GST 101,Use of English,12.2
MAT-2024-0762,MAT 102,General Mathematics II,5.3
MAT-2024-0762,CSC 102,Introduction to Problem Solving,11.5
MAT-2024-0762,CSC 101,Introduction to Computer Science,8.7
MAT-2024-0762,PHY 101,General Physics I,15.2
MAT-2024-0762,GST 101,Use of English,14.8
MAT-2024-0762,ENG 101,Engineering Mechanics,13.8
MAT-2024-0762,BIO 101,General Biology I,8.9
MAT-2024-0762,CHM 102,Practical Chemistry I,15.3
MAT-2024-0763,PHY 102,Practical Physics I,22.1
MAT-2024-0763,CSC 102,Introduction to Problem Solving,21.1
MAT-2024-0763,CHM 102,Practical Chemistry I,23.4
MAT-2024-0763,MAT 101,General Mathematics I,29.5
MAT-2024-0763,CSC 101,Introduction to Computer Science,22.5
MAT-2024-0763,ENG 101,Engineering Mechanics,24.5
MAT-2024-0763,STA 101,Introductory Statistics,24.4
MAT-2024-0763,MAT 102,General Mathematics II,24.2
MAT-2024-0763,BIO 101,General Biology I,21.4
MAT-2024-0764,BIO 101,General Biology I,24.6
MAT-2024-0764,PHY 102,Practical Physics I,18.3
MAT-2024-0764,ENG 101,Engineering Mechanics,17.6
MAT-2024-0765,PHY 101,General Physics I,17.4
MAT-2024-0765,CHM 101,General Chemistry I,23.8
MAT-2024-0766,STA 101,Introductory Statistics,29.5
MAT-2024-0766,PHY 101,General Physics I,27.7
MAT-2024-0766,PHY 102,Practical Physics I,24.6
MAT-2024-0766,MAT 101,General Mathematics I,21.9
MAT-2024-0767,ENG 101,Engineering Mechanics,12.9
MAT-2024-0767,PHY 102,Practical Physics I,10.3
MAT-2024-0767,CHM 102,Practical Chemistry I,24.0
MAT-2024-0767,GST 102,Nigerian Peoples and Culture,21.1
MAT-2024-0767,CHM 101,General Chemistry I,11.0
MAT-2024-0767,MAT 101,General Mathematics I,17.2
MAT-2024-0767,MAT 102,General Mathematics II,16.2
MAT-2024-0768,CHM 102,Practical Chemistry I,12.8
MAT-2024-0768,BIO 101,General Biology I,8.4
MAT-2024-0768,CSC 102,Introduction to Problem Solving,8.5
MAT-2024-0769,GST 101,Use of English,10.2
MAT-2024-0770,MAT 102,General Mathematics II,16.4
MAT-2024-0770,GST 102,Nigerian Peoples and Culture,23.5
MAT-2024-0770,CHM 101,General Chemistry I,15.9
MAT-2024-0770,GST 101,Use of English,12.6
MAT-2024-0770,MAT 101,General Mathematics I,14.3
MAT-2024-0770,PHY 102,Practical Physics I,18.2
MAT-2024-0770,CHM 102,Practical Chemistry I,15.7
MAT-2024-0770,PHY 101,General Physics I,17.9
MAT-2024-0770,CSC 102,Introduction to Problem Solving,15.7
MAT-2024-0770,CSC 101,Introduction to Computer Science,19.6
MAT-2024-0770,ENG 101,Engineering Mechanics,16.3
MAT-2024-0771,MAT 101,General Mathematics I,16.1
MAT-2024-0771,CSC 101,Introduction to Computer Science,7.5
MAT-2024-0771,PHY 101,General Physics I,13.9
MAT-2024-0771,CHM 101,General Chemistry I,24.1
MAT-2024-0771,ENG 101,Engineering Mechanics,10.5
MAT-2024-0771,STA 101,Introductory Statistics,20.0
MAT-2024-0771,BIO 101,General Biology I,15.0
MAT-2024-0771,GST 101,Use of English,12.4
MAT-2024-0771,GST 102,Nigerian Peoples and Culture,9.5
MAT-2024-0771,CHM 102,Practical Chemistry I,15.4
MAT-2024-0771,CSC 102,Introduction to Problem Solving,20.6
MAT-2024-0772,CSC 102,Introduction to Problem Solving,23.0
MAT-2024-0773,PHY 101,General Physics I,17.4
MAT-2024-0773,GST 102,Nigerian Peoples and Culture,29.2
MAT-2024-0774,CSC 102,Introduction to Problem Solving,13.2
MAT-2024-0774,GST 102,Nigerian Peoples and Culture,14.1
MAT-2024-0774,PHY 102,Practical Physics I,10.2
MAT-2024-0774,STA 101,Introductory Statistics,2.5
MAT-2024-0774,CHM 102,Practical Chemistry I,16.8
MAT-2024-0775,GST 101,Use of English,20.2
MAT-2024-0775,PHY 102,Practical Physics I,15.3
MAT-2024-0775,MAT 102,General Mathematics II,12.1
MAT-2024-0775,BIO 101,General Biology I,14.1
MAT-2024-0775,ENG 101,Engineering Mechanics,20.5
MAT-2024-0776,MAT 101,General Mathematics I,16.7
MAT-2024-0776,CHM 101,General Chemistry I,12.8
MAT-2024-0776,CSC 101,Introduction to Computer Science,12.2
MAT-2024-0776,ENG 101,Engineering Mechanics,7.1
MAT-2024-0776,GST 102,Nigerian Peoples and Culture,17.1
MAT-2024-0776,PHY 101,General Physics I,19.9
MAT-2024-0776,CSC 102,Introduction to Problem Solving,11.0
MAT-2024-0776,MAT 102,General Mathematics II,8.5
MAT-2024-0776,PHY 102,Practical Physics I,17.9
MAT-2024-0776,CHM 102,Practical Chemistry I,8.1
MAT-2024-0777,PHY 101,General Physics I,24.7
MAT-2024-0777,GST 102,Nigerian Peoples and Culture,21.5
MAT-2024-0777,CHM 101,General Chemistry I,23.1
MAT-2024-0777,CSC 102,Introduction to Problem Solving,21.4
MAT-2024-0777,CHM 102,Practical Chemistry I,18.7
MAT-2024-0777,BIO 101,General Biology I,21.5
MAT-2024-0778,PHY 102,Practical Physics I,16.4
MAT-2024-0778,BIO 101,General Biology I,22.7
MAT-2024-0778,GST 101,Use of English,18.1
MAT-2024-0778,STA 101,Introductory Statistics,24.6
MAT-2024-0778,CSC 102,Introduction to Problem Solving,19.9
MAT-2024-0778,GST 102,Nigerian Peoples and Culture,16.5
MAT-2024-0778,CHM 101,General Chemistry I,19.8
MAT-2024-0779,BIO 101,General Biology I,10.9
MAT-2024-0780,CHM 101,General Chemistry I,19.6
MAT-2024-0780,PHY 101,General Physics I,16.9
MAT-2024-0781,CHM 102,Practical Chemistry I,14.3
MAT-2024-0781,GST 101,Use of English,15.0
MAT-2024-0781,MAT 102,General Mathematics II,15.1
MAT-2024-0781,CSC 102,Introduction to Problem Solving,17.9
MAT-2024-0781,STA 101,Introductory Statistics,8.2
MAT-2024-0781,ENG 101,Engineering Mechanics,8.8
MAT-2024-0781,CSC 101,Introduction to Computer Science,12.6
MAT-2024-0782,GST 102,Nigerian Peoples and Culture,25.7
MAT-2024-0782,MAT 101,General Mathematics I,25.1
MAT-2024-0782,CHM 101,General Chemistry I,27.4
MAT-2024-0782,GST 101,Use of English,25.1
MAT-2024-0782,CHM 102,Practical Chemistry I,22.3
MAT-2024-0782,PHY 101,General Physics I,20.3
MAT-2024-0782,PHY 102,Practical Physics I,29.5
MAT-2024-0782,STA 101,Introductory Statistics,27.9
MAT-2024-0782,CSC 101,Introduction to Computer Science,21.8
MAT-2024-0783,GST 102,Nigerian Peoples and Culture,7.1
MAT-2024-0783,CSC 101,Introduction to Computer Science,9.7
MAT-2024-0784,STA 101,Introductory Statistics,16.9
MAT-2024-0784,MAT 102,General Mathematics II,16.6
MAT-2024-0784,GST 101,Use of English,15.9
MAT-2024-0784,PHY 102,Practical Physics I,12.0
MAT-2024-0784,CHM 101,General Chemistry I,22.1
MAT-2024-0784,CSC 101,Introduction to Computer Science,13.6
MAT-2024-0784,CSC 102,Introduction to Problem Solving,13.2
MAT-2024-0784,ENG 101,Engineering Mechanics,22.2
MAT-2024-0785,BIO 101,General Biology I,4.8
MAT-2024-0785,CSC 102,Introduction to Problem Solving,11.1
MAT-2024-0785,GST 101,Use of English,5.3
MAT-2024-0785,CHM 102,Practical Chemistry I,4.2
MAT-2024-0786,CHM 101,General Chemistry I,21.8
MAT-2024-0786,GST 101,Use of English,25.1
MAT-2024-0786,CSC 102,Introduction to Problem Solving,19.3
MAT-2024-0786,CHM 102,Practical Chemistry I,13.6
MAT-2024-0787,PHY 102,Practical Physics I,13.8
MAT-2024-0787,STA 101,Introductory Statistics,17.4
MAT-2024-0787,CSC 101,Introduction to Computer Science,19.8
MAT-2024-0787,PHY 101,General Physics I,12.9
MAT-2024-0788,PHY 101,General Physics I,23.9
MAT-2024-0788,CHM 102,Practical Chemistry I,19.2
MAT-2024-0789,BIO 101,General Biology I,12.5
MAT-2024-0789,PHY 102,Practical Physics I,11.9
MAT-2024-0789,MAT 101,General Mathematics I,5.9
MAT-2024-0789,GST 102,Nigerian Peoples and Culture,7.6
MAT-2024-0789,CHM 102,Practical Chemistry I,15.2
MAT-2024-0789,MAT 102,General Mathematics II,7.0
MAT-2024-0789,CSC 101,Introduction to Computer Science,11.2
MAT-2024-0789,CHM 101,General Chemistry I,9.8
MAT-2024-0789,ENG 101,Engineering Mechanics,12.6
MAT-2024-0789,GST 101,Use of English,7.1
MAT-2024-0789,STA 101,Introductory Statistics,10.9
MAT-2024-0790,BIO 101,General Biology I,19.3
MAT-2024-0790,CSC 101,Introduction to Computer Science,16.7
MAT-2024-0790,GST 102,Nigerian Peoples and Culture,15.7
MAT-2024-0790,CHM 101,General Chemistry I,21.4
MAT-2024-0790,ENG 101,Engineering Mechanics,20.6
MAT-2024-0791,MAT 102,General Mathematics II,17.6
MAT-2024-0791,PHY 102,Practical Physics I,26.4
MAT-2024-0791,CSC 101,Introduction to Computer Science,24.1
MAT-2024-0791,MAT 101,General Mathematics I,19.7
MAT-2024-0792,MAT 102,General Mathematics II,12.8
MAT-2024-0792,ENG 101,Engineering Mechanics,18.6
MAT-2024-0792,BIO 101,General Biology I,4.0
MAT-2024-0792,GST 102,Nigerian Peoples and Culture,11.3
MAT-2024-0792,MAT 101,General Mathematics I,7.2
MAT-2024-0792,STA 101,Introductory Statistics,10.4
MAT-2024-0792,GST 101,Use of English,3.9
MAT-2024-0792,CHM 102,Practical Chemistry I,2.7
MAT-2024-0792,PHY 101,General Physics I,3.2
MAT-2024-0793,PHY 101,General Physics I,12.0
MAT-2024-0793,CSC 102,Introduction to Problem Solving,8.3
MAT-2024-0793,GST 102,Nigerian Peoples and Culture,11.8
MAT-2024-0793,BIO 101,General Biology I,19.3
MAT-2024-0793,STA 101,Introductory Statistics,10.8
MAT-2024-0793,MAT 101,General Mathematics I,10.1
MAT-2024-0793,PHY 102,Practical Physics I,10.4
MAT-2024-0793,CHM 102,Practical Chemistry I,12.1
MAT-2024-0794,ENG 101,Engineering Mechanics,13.8
MAT-2024-0794,PHY 102,Practical Physics I,11.0
MAT-2024-0794,PHY 101,General Physics I,19.7
MAT-2024-0794,STA 101,Introductory Statistics,15.7
MAT-2024-0795,PHY 102,Practical Physics I,16.5
MAT-2024-0795,CHM 101,General Chemistry I,18.7
MAT-2024-0795,CSC 101,Introduction to Computer Science,20.3
MAT-2024-0795,GST 102,Nigerian Peoples and Culture,18.1
MAT-2024-0795,CSC 102,Introduction to Problem Solving,12.6
MAT-2024-0795,GST 101,Use of English,7.8
MAT-2024-0796,BIO 101,General Biology I,21.4
MAT-2024-0796,PHY 102,Practical Physics I,20.3
MAT-2024-0796,STA 101,Introductory Statistics,12.7
MAT-2024-0796,CHM 102,Practical Chemistry I,18.4
MAT-2024-0796,CSC 101,Introduction to Computer Science,19.7
MAT-2024-0797,ENG 101,Engineering Mechanics,24.4
MAT-2024-0797,GST 101,Use of English,26.1
MAT-2024-0797,MAT 102,General Mathematics II,28.5
MAT-2024-0797,STA 101,Introductory Statistics,27.6
MAT-2024-0797,PHY 102,Practical Physics I,28.7
MAT-2024-0797,CHM 102,Practical Chemistry I,22.4
MAT-2024-0797,CSC 101,Introduction to Computer Science,21.6
MAT-2024-0797,CSC 102,Introduction to Problem Solving,19.1
MAT-2024-0798,PHY 102,Practical Physics I,11.8
MAT-2024-0798,CSC 101,Introduction to Computer Science,15.4
MAT-2024-0798,MAT 102,General Mathematics II,8.6
MAT-2024-0799,GST 101,Use of English,18.1
MAT-2024-0799,PHY 101,General Physics I,11.7
MAT-2024-0799,CHM 101,General Chemistry I,10.1
MAT-2024-0799,MAT 102,General Mathematics II,12.6
MAT-2024-0799,GST 102,Nigerian Peoples and Culture,19.2
MAT-2024-0799,ENG 101,Engineering Mechanics,5.8
MAT-2024-0799,BIO 101,General Biology I,14.6
MAT-2024-0799,PHY 102,Practical Physics I,13.0
MAT-2024-0799,CSC 102,Introduction to Problem Solving,19.1
MAT-2024-0799,CHM 102,Practical Chemistry I,18.2
MAT-2024-0799,CSC 101,Introduction to Computer Science,8.4
MAT-2024-0800,BIO 101,General Biology I,15.3
MAT-2024-0800,MAT 101,General Mathematics I,23.3
MAT-2024-0800,CSC 101,Introduction to Computer Science,19.9
MAT-2024-0801,BIO 101,General Biology I,20.7
MAT-2024-0801,CSC 101,Introduction to Computer Science,14.6
MAT-2024-0801,CHM 102,Practical Chemistry I,20.7
MAT-2024-0801,GST 102,Nigerian Peoples and Culture,15.0
MAT-2024-0801,PHY 102,Practical Physics I,25.4
MAT-2024-0801,STA 101,Introductory Statistics,18.9
MAT-2024-0801,ENG 101,Engineering Mechanics,16.8
MAT-2024-0802,CHM 101,General Chemistry I,19.0
MAT-2024-0802,MAT 102,General Mathematics II,26.4
MAT-2024-0802,GST 102,Nigerian Peoples and Culture,22.6
MAT-2024-0802,PHY 102,Practical Physics I,17.7
MAT-2024-0802,MAT 101,General Mathematics I,18.3
MAT-2024-0802,ENG 101,Engineering Mechanics,30.0
MAT-2024-0802,CHM 102,Practical Chemistry I,21.8
MAT-2024-0802,STA 101,Introductory Statistics,18.7
MAT-2024-0803,MAT 101,General Mathematics I,16.1
MAT-2024-0803,GST 101,Use of English,19.5
MAT-2024-0803,CHM 101,General Chemistry I,19.9
MAT-2024-0804,CHM 102,Practical Chemistry I,14.8
MAT-2024-0804,PHY 101,General Physics I,20.3
MAT-2024-0804,BIO 101,General Biology I,13.5
MAT-2024-0804,STA 101,Introductory Statistics,15.7
MAT-2024-0804,CHM 101,General Chemistry I,18.5
MAT-2024-0804,PHY 102,Practical Physics I,8.0
MAT-2024-0804,CSC 101,Introduction to Computer Science,3.8
MAT-2024-0804,GST 102,Nigerian Peoples and Culture,13.9
MAT-2024-0805,MAT 102,General Mathematics II,16.5
MAT-2024-0805,CHM 101,General Chemistry I,15.0
MAT-2024-0805,STA 101,Introductory Statistics,21.7
MAT-2024-0805,MAT 101,General Mathematics I,19.3
MAT-2024-0805,ENG 101,Engineering Mechanics,20.7
MAT-2024-0805,PHY 101,General Physics I,14.9
MAT-2024-0805,CSC 101,Introduction to Computer Science,21.5
MAT-2024-0805,CHM 102,Practical Chemistry I,15.7
MAT-2024-0805,CSC 102,Introduction to Problem Solving,19.2
MAT-2024-0806,PHY 102,Practical Physics I,19.6
MAT-2024-0806,MAT 102,General Mathematics II,18.3
MAT-2024-0806,CHM 102,Practical Chemistry I,12.0
MAT-2024-0806,GST 102,Nigerian Peoples and Culture,20.3
MAT-2024-0807,MAT 102,General Mathematics II,21.1
MAT-2024-0807,CHM 101,General Chemistry I,15.1
MAT-2024-0807,STA 101,Introductory Statistics,25.9
MAT-2024-0808,CHM 102,Practical Chemistry I,16.7
MAT-2024-0808,GST 102,Nigerian Peoples and Culture,16.9
MAT-2024-0808,BIO 101,General Biology I,10.7
MAT-2024-0808,MAT 102,General Mathematics II,9.2
MAT-2024-0808,PHY 101,General Physics I,4.5
MAT-2024-0808,ENG 101,Engineering Mechanics,7.8
MAT-2024-0809,CHM 101,General Chemistry I,11.6
MAT-2024-0809,BIO 101,General Biology I,17.9
MAT-2024-0809,CHM 102,Practical Chemistry I,14.7
MAT-2024-0809,CSC 101,Introduction to Computer Science,16.2
MAT-2024-0809,PHY 102,Practical Physics I,10.2
MAT-2024-0809,STA 101,Introductory Statistics,11.7
MAT-2024-0809,GST 101,Use of English,21.8
MAT-2024-0809,CSC 102,Introduction to Problem Solving,12.7
MAT-2024-0809,MAT 102,General Mathematics II,14.5
MAT-2024-0809,ENG 101,Engineering Mechanics,16.2
MAT-2024-0810,PHY 101,General Physics I,17.3
MAT-2024-0810,CSC 101,Introduction to Computer Science,21.9
MAT-2024-0811,GST 101,Use of English,22.3
MAT-2024-0811,STA 101,Introductory Statistics,17.3
MAT-2024-0811,CSC 102,Introduction to Problem Solving,11.0
MAT-2024-0811,CHM 101,General Chemistry I,11.1
MAT-2024-0811,PHY 102,Practical Physics I,13.7
MAT-2024-0811,ENG 101,Engineering Mechanics,18.5
MAT-2024-0812,BIO 101,General Biology I,7.0
MAT-2024-0812,STA 101,Introductory Statistics,14.2
MAT-2024-0812,PHY 102,Practical Physics I,8.7
MAT-2024-0812,GST 102,Nigerian Peoples and Culture,18.9
MAT-2024-0812,MAT 102,General Mathematics II,19.0
MAT-2024-0813,CSC 101,Introduction to Computer Science,14.6
MAT-2024-0813,MAT 102,General Mathematics II,15.3
MAT-2024-0813,MAT 101,General Mathematics I,16.4
MAT-2024-0813,CSC 102,Introduction to Problem Solving,15.8
MAT-2024-0813,GST 101,Use of English,16.5
MAT-2024-0813,CHM 101,General Chemistry I,12.2
MAT-2024-0813,STA 101,Introductory Statistics,14.6
MAT-2024-0814,GST 101,Use of English,23.1
MAT-2024-0814,CSC 101,Introduction to Computer Science,23.8
MAT-2024-0815,PHY 101,General Physics I,12.0
MAT-2024-0815,MAT 102,General Mathematics II,15.0
MAT-2024-0815,CSC 102,Introduction to Problem Solving,21.8
MAT-2024-0815,BIO 101,General Biology I,12.5
MAT-2024-0815,GST 102,Nigerian Peoples and Culture,15.3
MAT-2024-0815,MAT 101,General Mathematics I,20.5
MAT-2024-0815,PHY 102,Practical Physics I,21.5
MAT-2024-0816,GST 102,Nigerian Peoples and Culture,22.0
MAT-2024-0816,PHY 101,General Physics I,29.2
MAT-2024-0816,CSC 102,Introduction to Problem Solving,25.2
MAT-2024-0816,CHM 101,General Chemistry I,21.2
MAT-2024-0816,CSC 101,Introduction to Computer Science,23.5
MAT-2024-0816,CHM 102,Practical Chemistry I,24.3
MAT-2024-0816,STA 101,Introductory Statistics,28.0
MAT-2024-0817,CHM 101,General Chemistry I,19.1
MAT-2024-0817,GST 101,Use of English,20.1
MAT-2024-0817,CSC 102,Introduction to Problem Solving,18.9
MAT-2024-0817,MAT 102,General Mathematics II,20.0
MAT-2024-0817,BIO 101,General Biology I,18.7
MAT-2024-0817,CSC 101,Introduction to Computer Science,15.7
MAT-2024-0817,PHY 101,General Physics I,18.3
MAT-2024-0818,CSC 101,Introduction to Computer Science,16.4
MAT-2024-0818,MAT 101,General Mathematics I,13.5
MAT-2024-0818,CSC 102,Introduction to Problem Solving,18.2
MAT-2024-0818,STA 101,Introductory Statistics,15.1
MAT-2024-0818,PHY 102,Practical Physics I,17.8
MAT-2024-0818,BIO 101,General Biology I,15.9
MAT-2024-0818,GST 101,Use of English,8.6
MAT-2024-0818,CHM 101,General Chemistry I,10.8
MAT-2024-0818,MAT 102,General Mathematics II,20.0
MAT-2024-0819,BIO 101,General Biology I,11.6
MAT-2024-0819,CSC 101,Introduction to Computer Science,12.9
MAT-2024-0819,GST 102,Nigerian Peoples and Culture,8.8
MAT-2024-0819,CSC 102,Introduction to Problem Solving,9.9
MAT-2024-0819,MAT 102,General Mathematics II,14.3
MAT-2024-0819,ENG 101,Engineering Mechanics,6.8
MAT-2024-0819,CHM 101,General Chemistry I,7.3
MAT-2024-0819,STA 101,Introductory Statistics,7.7
MAT-2024-0819,CHM 102,Practical Chemistry I,14.3
MAT-2024-0820,STA 101,Introductory Statistics,23.7
MAT-2024-0820,BIO 101,General Biology I,22.1
MAT-2024-0820,GST 102,Nigerian Peoples and Culture,22.9
MAT-2024-0820,GST 101,Use of English,23.6
MAT-2024-0820,PHY 101,General Physics I,22.7
MAT-2024-0821,CHM 101,General Chemistry I,14.9
MAT-2024-0821,STA 101,Introductory Statistics,13.2
MAT-2024-0821,ENG 101,Engineering Mechanics,9.0
MAT-2024-0821,MAT 102,General Mathematics II,13.1
MAT-2024-0821,CSC 101,Introduction to Computer Science,15.4
MAT-2024-0821,PHY 102,Practical Physics I,19.3
MAT-2024-0821,MAT 101,General Mathematics I,20.2
MAT-2024-0821,CHM 102,Practical Chemistry I,11.3
MAT-2024-0822,MAT 102,General Mathematics II,20.5
MAT-2024-0822,CSC 101,Introduction to Computer Science,23.0
MAT-2024-0822,STA 101,Introductory Statistics,18.2
MAT-2024-0822,CHM 101,General Chemistry I,20.7
MAT-2024-0822,BIO 101,General Biology I,17.0
MAT-2024-0822,MAT 101,General Mathematics I,16.9
MAT-2024-0822,CHM 102,Practical Chemistry I,16.1
MAT-2024-0822,GST 101,Use of English,14.6
MAT-2024-0822,ENG 101,Engineering Mechanics,22.6
MAT-2024-0823,MAT 101,General Mathematics I,20.5
MAT-2024-0823,ENG 101,Engineering Mechanics,24.6
MAT-2024-0823,CHM 101,General Chemistry I,18.0
MAT-2024-0823,PHY 102,Practical Physics I,23.9
MAT-2024-0823,GST 101,Use of English,22.8
MAT-2024-0824,GST 102,Nigerian Peoples and Culture,8.3
MAT-2024-0825,GST 101,Use of English,17.0
MAT-2024-0825,ENG 101,Engineering Mechanics,19.5
MAT-2024-0825,GST 102,Nigerian Peoples and Culture,20.5
MAT-2024-0825,CSC 102,Introduction to Problem Solving,15.4
MAT-2024-0825,PHY 102,Practical Physics I,23.2
MAT-2024-0825,MAT 102,General Mathematics II,20.6
MAT-2024-0826,CSC 102,Introduction to Problem Solving,8.7
MAT-2024-0826,MAT 102,General Mathematics II,16.3
MAT-2024-0826,CHM 102,Practical Chemistry I,10.8
MAT-2024-0827,ENG 101,Engineering Mechanics,18.1
MAT-2024-0827,GST 101,Use of English,20.1
MAT-2024-0827,CHM 101,General Chemistry I,21.1
MAT-2024-0827,PHY 101,General Physics I,20.1
MAT-2024-0827,MAT 102,General Mathematics II,14.1
MAT-2024-0827,CSC 102,Introduction to Problem Solving,20.5
MAT-2024-0827,CHM 102,Practical Chemistry I,17.7
MAT-2024-0828,MAT 102,General Mathematics II,16.5
MAT-2024-0828,CSC 102,Introduction to Problem Solving,14.6
MAT-2024-0828,CHM 102,Practical Chemistry I,19.2
MAT-2024-0828,CHM 101,General Chemistry I,12.7
MAT-2024-0828,PHY 102,Practical Physics I,18.3
MAT-2024-0828,GST 102,Nigerian Peoples and Culture,12.4
MAT-2024-0828,GST 101,Use of English,10.5
MAT-2024-0828,PHY 101,General Physics I,10.0
MAT-2024-0828,MAT 101,General Mathematics I,9.7
MAT-2024-0828,STA 101,Introductory Statistics,16.6
MAT-2024-0829,CHM 101,General Chemistry I,10.5
MAT-2024-0829,PHY 101,General Physics I,10.2
MAT-2024-0829,CHM 102,Practical Chemistry I,15.9
MAT-2024-0830,PHY 102,Practical Physics I,17.8
MAT-2024-0830,BIO 101,General Biology I,22.5
MAT-2024-0830,CHM 101,General Chemistry I,11.6
MAT-2024-0830,MAT 102,General Mathematics II,18.6
MAT-2024-0830,CSC 102,Introduction to Problem Solving,15.9
MAT-2024-0830,GST 101,Use of English,16.5
MAT-2024-0830,CSC 101,Introduction to Computer Science,20.2
MAT-2024-0830,MAT 101,General Mathematics I,14.3
MAT-2024-0831,MAT 101,General Mathematics I,9.0
MAT-2024-0831,GST 102,Nigerian Peoples and Culture,16.8
MAT-2024-0831,MAT 102,General Mathematics II,19.6
MAT-2024-0832,PHY 101,General Physics I,23.2
MAT-2024-0832,CHM 101,General Chemistry I,23.7
MAT-2024-0832,CSC 102,Introduction to Problem Solving,19.2
MAT-2024-0833,CSC 102,Introduction to Problem Solving,17.3
MAT-2024-0833,BIO 101,General Biology I,20.1
MAT-2024-0833,MAT 101,General Mathematics I,7.8
MAT-2024-0834,PHY 101,General Physics I,15.6
MAT-2024-0834,CSC 101,Introduction to Computer Science,23.9
MAT-2024-0834,MAT 101,General Mathematics I,16.8
MAT-2024-0834,BIO 101,General Biology I,18.8
MAT-2024-0835,STA 101,Introductory Statistics,13.6
MAT-2024-0835,ENG 101,Engineering Mechanics,15.5
MAT-2024-0835,CHM 101,General Chemistry I,17.9
MAT-2024-0835,BIO 101,General Biology I,25.8
MAT-2024-0836,BIO 101,General Biology I,7.3
MAT-2024-0836,CSC 102,Introduction to Problem Solving,18.7
MAT-2024-0836,MAT 101,General Mathematics I,15.1
MAT-2024-0836,STA 101,Introductory Statistics,17.7
MAT-2024-0836,PHY 101,General Physics I,14.0
MAT-2024-0836,CSC 101,Introduction to Computer Science,8.8
MAT-2024-0837,CHM 101,General Chemistry I,12.5
MAT-2024-0838,PHY 101,General Physics I,16.2
MAT-2024-0838,GST 102,Nigerian Peoples and Culture,20.9
MAT-2024-0838,BIO 101,General Biology I,7.7
MAT-2024-0838,CSC 101,Introduction to Computer Science,17.2
MAT-2024-0838,GST 101,Use of English,10.2
MAT-2024-0838,CHM 101,General Chemistry I,15.7
MAT-2024-0838,ENG 101,Engineering Mechanics,10.9
MAT-2024-0839,MAT 101,General Mathematics I,25.8
MAT-2024-0839,PHY 101,General Physics I,17.8
MAT-2024-0839,GST 101,Use of English,16.0
MAT-2024-0839,ENG 101,Engineering Mechanics,5.6
MAT-2024-0839,BIO 101,General Biology I,12.4
MAT-2024-0839,CHM 102,Practical Chemistry I,16.3
MAT-2024-0839,STA 101,Introductory Statistics,17.2
MAT-2024-0840,GST 101,Use of English,9.2
MAT-2024-0841,CSC 102,Introduction to Problem Solving,23.1
MAT-2024-0841,PHY 101,General Physics I,20.6
MAT-2024-0841,GST 102,Nigerian Peoples and Culture,8.3
MAT-2024-0841,GST 101,Use of English,13.2
MAT-2024-0841,BIO 101,General Biology I,18.8
MAT-2024-0841,ENG 101,Engineering Mechanics,10.3
MAT-2024-0841,STA 101,Introductory Statistics,13.9
MAT-2024-0841,CSC 101,Introduction to Computer Science,14.7
MAT-2024-0842,CSC 101,Introduction to Computer Science,17.8
MAT-2024-0842,CHM 102,Practical Chemistry I,10.2
MAT-2024-0842,MAT 101,General Mathematics I,5.4
MAT-2024-0842,GST 102,Nigerian Peoples and Culture,7.8
MAT-2024-0842,PHY 102,Practical Physics I,14.0
MAT-2024-0842,PHY 101,General Physics I,21.2
MAT-2024-0843,BIO 101,General Biology I,21.3
MAT-2024-0843,CHM 102,Practical Chemistry I,13.6
MAT-2024-0843,CHM 101,General Chemistry I,16.3
MAT-2024-0843,GST 101,Use of English,19.8
MAT-2024-0843,STA 101,Introductory Statistics,23.1
MAT-2024-0844,CHM 102,Practical Chemistry I,27.4
MAT-2024-0845,PHY 101,General Physics I,16.5
MAT-2024-0845,GST 101,Use of English,17.9
MAT-2024-0845,CHM 102,Practical Chemistry I,20.1
MAT-2024-0845,ENG 101,Engineering Mechanics,25.7
MAT-2024-0846,MAT 101,General Mathematics I,22.2
MAT-2024-0846,CSC 101,Introduction to Computer Science,27.6
MAT-2024-0846,CHM 101,General Chemistry I,22.1
MAT-2024-0846,PHY 102,Practical Physics I,26.7
MAT-2024-0846,PHY 101,General Physics I,24.2
MAT-2024-0846,ENG 101,Engineering Mechanics,24.1
MAT-2024-0847,MAT 101,General Mathematics I,24.1
MAT-2024-0847,MAT 102,General Mathematics II,21.9
MAT-2024-0847,PHY 102,Practical Physics I,17.1
MAT-2024-0847,BIO 101,General Biology I,13.6
MAT-2024-0848,CSC 101,Introduction to Computer Science,11.6
MAT-2024-0848,STA 101,Introductory Statistics,18.8
MAT-2024-0848,PHY 101,General Physics I,13.3
MAT-2024-0848,GST 101,Use of English,15.7
MAT-2024-0848,MAT 102,General Mathematics II,14.2
MAT-2024-0848,BIO 101,General Biology I,15.0
MAT-2024-0848,MAT 101,General Mathematics I,21.1
MAT-2024-0848,CSC 102,Introduction to Problem Solving,17.3
MAT-2024-0848,CHM 101,General Chemistry I,10.1
MAT-2024-0848,GST 102,Nigerian Peoples and Culture,13.5
MAT-2024-0849,MAT 101,General Mathematics I,22.7
MAT-2024-0849,MAT 102,General Mathematics II,24.6
MAT-2024-0849,STA 101,Introductory Statistics,19.7
MAT-2024-0849,CSC 101,Introduction to Computer Science,24.7
MAT-2024-0849,GST 102,Nigerian Peoples and Culture,23.1
MAT-2024-0849,PHY 101,General Physics I,24.2
MAT-2024-0849,BIO 101,General Biology I,16.3
MAT-2024-0849,GST 101,Use of English,20.3
MAT-2024-0849,ENG 101,Engineering Mechanics,28.3
MAT-2024-0849,PHY 102,Practical Physics I,15.2
MAT-2024-0849,CHM 102,Practical Chemistry I,27.9
MAT-2024-0850,MAT 102,General Mathematics II,25.0
MAT-2024-0850,STA 101,Introductory Statistics,19.1
MAT-2024-0850,BIO 101,General Biology I,20.8
MAT-2024-0850,GST 101,Use of English,23.3
MAT-2024-0850,MAT 101,General Mathematics I,25.0
MAT-2024-0850,ENG 101,Engineering Mechanics,17.1
MAT-2024-0850,CSC 101,Introduction to Computer Science,25.6
MAT-2024-0850,CSC 102,Introduction to Problem Solving,24.7
MAT-2024-0850,PHY 101,General Physics I,19.6
MAT-2024-0850,CHM 102,Practical Chemistry I,30.0
MAT-2024-0850,GST 102,Nigerian Peoples and Culture,19.1
MAT-2024-0851,CSC 102,Introduction to Problem Solving,15.4
MAT-2024-0851,BIO 101,General Biology I,16.8
MAT-2024-0851,GST 102,Nigerian Peoples and Culture,23.7
MAT-2024-0851,CHM 101,General Chemistry I,18.5
MAT-2024-0851,CHM 102,Practical Chemistry I,16.4
MAT-2024-0851,MAT 102,General Mathematics II,9.9
MAT-2024-0851,PHY 101,General Physics I,16.2
MAT-2024-0851,PHY 102,Practical Physics I,19.7
MAT-2024-0852,GST 102,Nigerian Peoples and Culture,14.1
MAT-2024-0852,STA 101,Introductory Statistics,22.1
MAT-2024-0852,CSC 102,Introduction to Problem Solving,17.2
MAT-2024-0853,CHM 101,General Chemistry I,18.6
MAT-2024-0853,PHY 102,Practical Physics I,17.4
MAT-2024-0853,GST 102,Nigerian Peoples and Culture,18.3
MAT-2024-0853,CSC 101,Introduction to Computer Science,18.2
MAT-2024-0853,PHY 101,General Physics I,18.2
MAT-2024-0853,CSC 102,Introduction to Problem Solving,14.6
MAT-2024-0853,GST 101,Use of English,13.3
MAT-2024-0853,BIO 101,General Biology I,16.6
MAT-2024-0854,GST 102,Nigerian Peoples and Culture,24.1
MAT-2024-0854,STA 101,Introductory Statistics,23.9
MAT-2024-0854,BIO 101,General Biology I,25.4
MAT-2024-0854,MAT 101,General Mathematics I,19.6
MAT-2024-0854,MAT 102,General Mathematics II,21.0
MAT-2024-0855,CSC 102,Introduction to Problem Solving,17.0
MAT-2024-0855,CSC 101,Introduction to Computer Science,16.4
MAT-2024-0855,MAT 101,General Mathematics I,13.0
MAT-2024-0855,PHY 102,Practical Physics I,13.9
MAT-2024-0855,STA 101,Introductory Statistics,13.2
MAT-2024-0855,GST 101,Use of English,13.9
MAT-2024-0855,MAT 102,General Mathematics II,16.7
MAT-2024-0856,CHM 102,Practical Chemistry I,25.2
MAT-2024-0856,GST 102,Nigerian Peoples and Culture,21.3
MAT-2024-0857,GST 101,Use of English,24.0
MAT-2024-0857,GST 102,Nigerian Peoples and Culture,22.9
MAT-2024-0857,CHM 102,Practical Chemistry I,23.8
MAT-2024-0857,BIO 101,General Biology I,22.0
MAT-2024-0857,CSC 102,Introduction to Problem Solving,21.5
MAT-2024-0857,CSC 101,Introduction to Computer Science,27.5
MAT-2024-0857,CHM 101,General Chemistry I,28.0
MAT-2024-0858,STA 101,Introductory Statistics,15.8
MAT-2024-0858,ENG 101,Engineering Mechanics,15.3
MAT-2024-0858,CHM 102,Practical Chemistry I,15.1
MAT-2024-0858,MAT 102,General Mathematics II,18.7
MAT-2024-0858,PHY 101,General Physics I,16.2
MAT-2024-0859,GST 102,Nigerian Peoples and Culture,15.4
MAT-2024-0859,CHM 102,Practical Chemistry I,13.4
MAT-2024-0860,MAT 101,General Mathematics I,18.2
MAT-2024-0860,CSC 101,Introduction to Computer Science,21.5
MAT-2024-0861,MAT 101,General Mathematics I,16.5
MAT-2024-0861,GST 101,Use of English,23.3
MAT-2024-0861,PHY 101,General Physics I,28.2
MAT-2024-0862,GST 101,Use of English,13.4
MAT-2024-0862,PHY 101,General Physics I,16.8
MAT-2024-0862,MAT 101,General Mathematics I,24.9
MAT-2024-0862,PHY 102,Practical Physics I,15.1
MAT-2024-0862,ENG 101,Engineering Mechanics,22.6
MAT-2024-0862,BIO 101,General Biology I,14.3
MAT-2024-0862,CHM 101,General Chemistry I,21.9
MAT-2024-0862,GST 102,Nigerian Peoples and Culture,20.7
MAT-2024-0863,CHM 101,General Chemistry I,18.6
MAT-2024-0863,MAT 101,General Mathematics I,15.8
MAT-2024-0863,STA 101,Introductory Statistics,10.0
MAT-2024-0863,GST 101,Use of English,22.9
MAT-2024-0863,PHY 101,General Physics I,20.1
MAT-2024-0863,CSC 102,Introduction to Problem Solving,18.7
MAT-2024-0863,GST 102,Nigerian Peoples and Culture,17.7
MAT-2024-0863,CHM 102,Practical Chemistry I,16.8
MAT-2024-0863,PHY 102,Practical Physics I,14.9
MAT-2024-0863,BIO 101,General Biology I,10.6
MAT-2024-0864,MAT 102,General Mathematics II,16.0
MAT-2024-0864,CHM 102,Practical Chemistry I,15.1
MAT-2024-0864,MAT 101,General Mathematics I,17.3
MAT-2024-0864,STA 101,Introductory Statistics,15.2
MAT-2024-0864,GST 102,Nigerian Peoples and Culture,21.1
MAT-2024-0864,ENG 101,Engineering Mechanics,19.9
MAT-2024-0864,BIO 101,General Biology I,24.6
MAT-2024-0864,CSC 101,Introduction to Computer Science,16.7
MAT-2024-0865,PHY 102,Practical Physics I,21.4
MAT-2024-0866,GST 102,Nigerian Peoples and Culture,21.1
MAT-2024-0866,MAT 101,General Mathematics I,22.2
MAT-2024-0866,PHY 101,General Physics I,17.3
MAT-2024-0866,CHM 101,General Chemistry I,19.2
MAT-2024-0866,CHM 102,Practical Chemistry I,11.4
MAT-2024-0867,GST 102,Nigerian Peoples and Culture,14.3
MAT-2024-0867,PHY 101,General Physics I,12.5
MAT-2024-0867,CSC 102,Introduction to Problem Solving,12.4
MAT-2024-0867,GST 101,Use of English,14.4
MAT-2024-0868,ENG 101,Engineering Mechanics,21.6
MAT-2024-0868,GST 101,Use of English,14.7
MAT-2024-0868,CSC 102,Introduction to Problem Solving,17.3
MAT-2024-0868,GST 102,Nigerian Peoples and Culture,24.4
MAT-2024-0868,CHM 102,Practical Chemistry I,15.6
MAT-2024-0868,CSC 101,Introduction to Computer Science,18.7
MAT-2024-0868,CHM 101,General Chemistry I,8.0
MAT-2024-0868,STA 101,Introductory Statistics,12.6
MAT-2024-0868,MAT 102,General Mathematics II,19.1
MAT-2024-0869,CSC 102,Introduction to Problem Solving,18.2
MAT-2024-0869,PHY 101,General Physics I,26.7
MAT-2024-0869,CHM 102,Practical Chemistry I,22.7
MAT-2024-0869,PHY 102,Practical Physics I,17.2
MAT-2024-0869,STA 101,Introductory Statistics,18.1
MAT-2024-0869,BIO 101,General Biology I,30.0
MAT-2024-0869,GST 102,Nigerian Peoples and Culture,30.0
MAT-2024-0870,ENG 101,Engineering Mechanics,15.0
MAT-2024-0870,PHY 101,General Physics I,20.2
MAT-2024-0870,CSC 101,Introduction to Computer Science,8.0
MAT-2024-0870,CHM 102,Practical Chemistry I,12.2
MAT-2024-0870,GST 102,Nigerian Peoples and Culture,16.9
MAT-2024-0870,MAT 102,General Mathematics II,14.9
MAT-2024-0870,CHM 101,General Chemistry I,15.1
MAT-2024-0870,PHY 102,Practical Physics I,12.8
MAT-2024-0870,CSC 102,Introduction to Problem Solving,2.0
MAT-2024-0870,GST 101,Use of English,13.7
MAT-2024-0870,BIO 101,General Biology I,14.2
MAT-2024-0871,GST 102,Nigerian Peoples and Culture,10.6
MAT-2024-0871,STA 101,Introductory Statistics,18.9
MAT-2024-0871,CSC 102,Introduction to Problem Solving,12.2
MAT-2024-0871,ENG 101,Engineering Mechanics,19.7
MAT-2024-0871,PHY 102,Practical Physics I,9.5
MAT-2024-0871,CHM 102,Practical Chemistry I,13.1
MAT-2024-0872,GST 101,Use of English,14.9
MAT-2024-0872,PHY 102,Practical Physics I,14.5
MAT-2024-0872,GST 102,Nigerian Peoples and Culture,12.7
MAT-2024-0872,MAT 102,General Mathematics II,14.4
MAT-2024-0872,ENG 101,Engineering Mechanics,21.4
MAT-2024-0872,CHM 101,General Chemistry I,18.9
MAT-2024-0872,CSC 101,Introduction to Computer Science,19.9
MAT-2024-0872,CSC 102,Introduction to Problem Solving,20.4
MAT-2024-0872,STA 101,Introductory Statistics,25.4
MAT-2024-0872,BIO 101,General Biology I,16.7
MAT-2024-0873,CSC 102,Introduction to Problem Solving,21.3
MAT-2024-0874,CHM 101,General Chemistry I,13.3
MAT-2024-0875,MAT 101,General Mathematics I,22.1
MAT-2024-0875,GST 102,Nigerian Peoples and Culture,13.3
MAT-2024-0875,CSC 101,Introduction to Computer Science,16.6
MAT-2024-0875,CHM 101,General Chemistry I,13.4
MAT-2024-0875,MAT 102,General Mathematics II,19.9
MAT-2024-0875,PHY 102,Practical Physics I,26.2
MAT-2024-0875,PHY 101,General Physics I,16.9
MAT-2024-0875,ENG 101,Engineering Mechanics,21.4
MAT-2024-0875,CHM 102,Practical Chemistry I,18.7
MAT-2024-0875,CSC 102,Introduction to Problem Solving,19.7
MAT-2024-0876,GST 102,Nigerian Peoples and Culture,22.7
MAT-2024-0876,MAT 102,General Mathematics II,11.3
MAT-2024-0876,CSC 102,Introduction to Problem Solving,19.6
MAT-2024-0876,PHY 102,Practical Physics I,19.8
MAT-2024-0876,CSC 101,Introduction to Computer Science,21.1
MAT-2024-0877,MAT 101,General Mathematics I,21.9
MAT-2024-0877,BIO 101,General Biology I,17.1
MAT-2024-0878,CSC 101,Introduction to Computer Science,12.6
MAT-2024-0878,MAT 102,General Mathematics II,8.7
MAT-2024-0878,CHM 101,General Chemistry I,12.1
MAT-2024-0878,STA 101,Introductory Statistics,14.6
MAT-2024-0878,GST 101,Use of English,7.4
MAT-2024-0878,GST 102,Nigerian Peoples and Culture,11.5
MAT-2024-0879,MAT 102,General Mathematics II,21.1
MAT-2024-0879,CHM 101,General Chemistry I,20.0
MAT-2024-0879,PHY 101,General Physics I,16.1
MAT-2024-0879,PHY 102,Practical Physics I,25.9
MAT-2024-0879,ENG 101,Engineering Mechanics,15.0
MAT-2024-0880,GST 101,Use of English,9.9
MAT-2024-0880,CSC 102,Introduction to Problem Solving,14.9
MAT-2024-0880,PHY 101,General Physics I,16.0
MAT-2024-0880,STA 101,Introductory Statistics,8.2
MAT-2024-0880,BIO 101,General Biology I,8.9
MAT-2024-0880,CSC 101,Introduction to Computer Science,16.6
MAT-2024-0880,MAT 102,General Mathematics II,16.9
MAT-2024-0880,PHY 102,Practical Physics I,23.1
MAT-2024-0880,CHM 101,General Chemistry I,12.6
MAT-2024-0880,MAT 101,General Mathematics I,6.9
MAT-2024-0881,CHM 102,Practical Chemistry I,22.0
MAT-2024-0881,CHM 101,General Chemistry I,14.4
MAT-2024-0881,MAT 101,General Mathematics I,21.4
MAT-2024-0881,PHY 102,Practical Physics I,15.5
MAT-2024-0881,ENG 101,Engineering Mechanics,22.0
MAT-2024-0881,PHY 101,General Physics I,12.0
MAT-2024-0881,GST 102,Nigerian Peoples and Culture,18.0
MAT-2024-0881,MAT 102,General Mathematics II,18.0
MAT-2024-0881,CSC 101,Introduction to Computer Science,18.9
MAT-2024-0881,CSC 102,Introduction to Problem Solving,15.6
MAT-2024-0882,ENG 101,Engineering Mechanics,22.8
MAT-2024-0882,PHY 101,General Physics I,27.8
MAT-2024-0882,GST 101,Use of English,17.9
MAT-2024-0882,PHY 102,Practical Physics I,17.7
MAT-2024-0882,MAT 101,General Mathematics I,20.6
MAT-2024-0882,MAT 102,General Mathematics II,26.1
MAT-2024-0882,GST 102,Nigerian Peoples and Culture,18.8
MAT-2024-0883,GST 102,Nigerian Peoples and Culture,21.2
MAT-2024-0883,MAT 101,General Mathematics I,17.5
MAT-2024-0883,STA 101,Introductory Statistics,21.4
MAT-2024-0883,MAT 102,General Mathematics II,23.7
MAT-2024-0883,CSC 101,Introduction to Computer Science,17.6
MAT-2024-0884,GST 102,Nigerian Peoples and Culture,15.0
MAT-2024-0884,CSC 102,Introduction to Problem Solving,6.5
MAT-2024-0884,GST 101,Use of English,4.6
MAT-2024-0884,CSC 101,Introduction to Computer Science,3.7
MAT-2024-0884,MAT 101,General Mathematics I,15.0
MAT-2024-0884,ENG 101,Engineering Mechanics,4.5
MAT-2024-0885,MAT 102,General Mathematics II,17.5
MAT-2024-0885,PHY 102,Practical Physics I,17.2
MAT-2024-0885,CSC 102,Introduction to Problem Solving,17.2
MAT-2024-0885,GST 102,Nigerian Peoples and Culture,19.9
MAT-2024-0885,PHY 101,General Physics I,10.7
MAT-2024-0885,GST 101,Use of English,13.4
MAT-2024-0885,BIO 101,General Biology I,14.1
MAT-2024-0885,CSC 101,Introduction to Computer Science,3.4
MAT-2024-0886,CSC 101,Introduction to Computer Science,6.2
MAT-2024-0886,MAT 102,General Mathematics II,0.0
MAT-2024-0886,STA 101,Introductory Statistics,4.3
MAT-2024-0886,PHY 101,General Physics I,7.2
MAT-2024-0886,BIO 101,General Biology I,8.1
MAT-2024-0886,MAT 101,General Mathematics I,8.4
MAT-2024-0886,CHM 101,General Chemistry I,7.6
MAT-2024-0887,CHM 101,General Chemistry I,24.3
MAT-2024-0887,PHY 101,General Physics I,14.1
MAT-2024-0887,ENG 101,Engineering Mechanics,15.9
MAT-2024-0887,GST 102,Nigerian Peoples and Culture,12.5
MAT-2024-0887,CHM 102,Practical Chemistry I,11.5
MAT-2024-0887,CSC 101,Introduction to Computer Science,17.3
MAT-2024-0887,PHY 102,Practical Physics I,18.6
MAT-2024-0888,BIO 101,General Biology I,22.0
MAT-2024-0888,GST 102,Nigerian Peoples and Culture,20.1
MAT-2024-0888,GST 101,Use of English,27.1
MAT-2024-0889,ENG 101,Engineering Mechanics,23.0
MAT-2024-0889,CHM 102,Practical Chemistry I,17.8
MAT-2024-0889,PHY 102,Practical Physics I,12.5
MAT-2024-0889,GST 101,Use of English,21.4
MAT-2024-0889,GST 102,Nigerian Peoples and Culture,22.8
MAT-2024-0889,CSC 102,Introduction to Problem Solving,20.4
MAT-2024-0889,PHY 101,General Physics I,21.8
MAT-2024-0889,MAT 101,General Mathematics I,21.2
MAT-2024-0890,MAT 102,General Mathematics II,24.5
MAT-2024-0890,ENG 101,Engineering Mechanics,23.2
MAT-2024-0890,STA 101,Introductory Statistics,19.4
MAT-2024-0890,PHY 102,Practical Physics I,22.7
MAT-2024-0890,PHY 101,General Physics I,16.2
MAT-2024-0891,CHM 102,Practical Chemistry I,21.6
MAT-2024-0891,ENG 101,Engineering Mechanics,25.8
MAT-2024-0892,STA 101,Introductory Statistics,15.6
MAT-2024-0892,MAT 102,General Mathematics II,13.2
MAT-2024-0892,GST 101,Use of English,11.0
MAT-2024-0892,CSC 102,Introduction to Problem Solving,8.3
MAT-2024-0892,PHY 102,Practical Physics I,16.5
MAT-2024-0892,MAT 101,General Mathematics I,13.1
MAT-2024-0892,ENG 101,Engineering Mechanics,8.5
MAT-2024-0893,CSC 101,Introduction to Computer Science,21.7
MAT-2024-0893,STA 101,Introductory Statistics,15.4
MAT-2024-0893,PHY 102,Practical Physics I,23.0
MAT-2024-0893,BIO 101,General Biology I,20.0
MAT-2024-0893,MAT 102,General Mathematics II,19.7
MAT-2024-0894,MAT 101,General Mathematics I,12.4
MAT-2024-0894,GST 101,Use of English,20.9
MAT-2024-0894,CSC 102,Introduction to Problem Solving,22.8
MAT-2024-0894,STA 101,Introductory Statistics,14.4
MAT-2024-0894,CSC 101,Introduction to Computer Science,16.5
MAT-2024-0894,PHY 101,General Physics I,13.6
MAT-2024-0894,MAT 102,General Mathematics II,11.0
MAT-2024-0894,PHY 102,Practical Physics I,11.5
MAT-2024-0895,GST 101,Use of English,23.4
MAT-2024-0896,CSC 101,Introduction to Computer Science,22.7
MAT-2024-0896,CHM 101,General Chemistry I,19.3
MAT-2024-0896,MAT 101,General Mathematics I,20.8
MAT-2024-0896,STA 101,Introductory Statistics,19.8
MAT-2024-0896,PHY 101,General Physics I,22.9
MAT-2024-0896,CSC 102,Introduction to Problem Solving,16.7
MAT-2024-0896,GST 101,Use of English,23.2
MAT-2024-0896,ENG 101,Engineering Mechanics,25.4
MAT-2024-0896,CHM 102,Practical Chemistry I,24.7
MAT-2024-0896,MAT 102,General Mathematics II,23.1
MAT-2024-0897,CSC 102,Introduction to Problem Solving,8.7
MAT-2024-0897,GST 102,Nigerian Peoples and Culture,0.0
MAT-2024-0897,GST 101,Use of English,9.0
MAT-2024-0897,CHM 102,Practical Chemistry I,17.5
MAT-2024-0898,GST 102,Nigerian Peoples and Culture,23.5
MAT-2024-0898,CHM 101,General Chemistry I,18.6
MAT-2024-0898,MAT 102,General Mathematics II,22.1
MAT-2024-0898,BIO 101,General Biology I,23.7
MAT-2024-0898,CSC 101,Introduction to Computer Science,19.1
MAT-2024-0898,MAT 101,General Mathematics I,22.6
MAT-2024-0898,GST 101,Use of English,18.6
MAT-2024-0898,CSC 102,Introduction to Problem Solving,24.0
MAT-2024-0898,STA 101,Introductory Statistics,27.3
MAT-2024-0899,CHM 101,General Chemistry I,10.7
MAT-2024-0900,MAT 101,General Mathematics I,26.1
MAT-2024-0900,CHM 101,General Chemistry I,12.9
MAT-2024-0900,GST 101,Use of English,18.6
MAT-2024-0901,CHM 101,General Chemistry I,0.0
MAT-2024-0901,MAT 101,General Mathematics I,14.8
MAT-2024-0901,BIO 101,General Biology I,8.6
MAT-2024-0901,CSC 102,Introduction to Problem Solving,10.1
MAT-2024-0901,PHY 101,General Physics I,7.3
MAT-2024-0901,ENG 101,Engineering Mechanics,17.0
MAT-2024-0901,STA 101,Introductory Statistics,11.0
MAT-2024-0901,CSC 101,Introduction to Computer Science,8.7
MAT-2024-0901,CHM 102,Practical Chemistry I,15.7
MAT-2024-0901,PHY 102,Practical Physics I,13.8
MAT-2024-0902,CHM 101,General Chemistry I,21.6
MAT-2024-0903,ENG 101,Engineering Mechanics,8.3
MAT-2024-0903,GST 101,Use of English,15.6
MAT-2024-0903,MAT 102,General Mathematics II,14.0
MAT-2024-0903,GST 102,Nigerian Peoples and Culture,18.0
MAT-2024-0903,PHY 101,General Physics I,19.8
MAT-2024-0903,STA 101,Introductory Statistics,21.5
MAT-2024-0903,CSC 102,Introduction to Problem Solving,14.9
MAT-2024-0903,CHM 101,General Chemistry I,16.7
MAT-2024-0903,BIO 101,General Biology I,15.1
MAT-2024-0903,MAT 101,General Mathematics I,4.7
MAT-2024-0903,CHM 102,Practical Chemistry I,18.9
MAT-2024-0904,GST 102,Nigerian Peoples and Culture,15.4
MAT-2024-0904,BIO 101,General Biology I,18.2
MAT-2024-0904,MAT 102,General Mathematics II,21.5
MAT-2024-0904,MAT 101,General Mathematics I,22.9
MAT-2024-0905,GST 101,Use of English,9.1
MAT-2024-0906,CHM 101,General Chemistry I,22.2
MAT-2024-0906,STA 101,Introductory Statistics,15.6
MAT-2024-0906,BIO 101,General Biology I,21.9
MAT-2024-0906,ENG 101,Engineering Mechanics,23.0
MAT-2024-0906,CSC 101,Introduction to Computer Science,22.4
MAT-2024-0906,MAT 101,General Mathematics I,20.6
MAT-2024-0906,GST 102,Nigerian Peoples and Culture,12.5
MAT-2024-0906,CSC 102,Introduction to Problem Solving,14.8
MAT-2024-0906,PHY 102,Practical Physics I,14.3
MAT-2024-0907,CHM 102,Practical Chemistry I,11.2
MAT-2024-0907,CHM 101,General Chemistry I,16.5
MAT-2024-0907,GST 101,Use of English,11.3
MAT-2024-0907,GST 102,Nigerian Peoples and Culture,18.2
MAT-2024-0907,CSC 102,Introduction to Problem Solving,18.1
MAT-2024-0907,MAT 101,General Mathematics I,12.7
MAT-2024-0908,CHM 101,General Chemistry I,27.1
MAT-2024-0908,ENG 101,Engineering Mechanics,21.7
MAT-2024-0908,MAT 101,General Mathematics I,25.8
MAT-2024-0908,GST 102,Nigerian Peoples and Culture,21.7
MAT-2024-0908,MAT 102,General Mathematics II,19.2
MAT-2024-0908,GST 101,Use of English,28.7
MAT-2024-0908,PHY 101,General Physics I,15.4
MAT-2024-0908,CSC 101,Introduction to Computer Science,30.0
MAT-2024-0908,BIO 101,General Biology I,27.9
MAT-2024-0908,CSC 102,Introduction to Problem Solving,24.7
MAT-2024-0908,CHM 102,Practical Chemistry I,22.2
MAT-2024-0909,GST 102,Nigerian Peoples and Culture,18.9
MAT-2024-0909,CHM 102,Practical Chemistry I,15.6
MAT-2024-0909,PHY 102,Practical Physics I,21.2
MAT-2024-0909,GST 101,Use of English,13.9
MAT-2024-0909,ENG 101,Engineering Mechanics,13.7
MAT-2024-0909,CSC 102,Introduction to Problem Solving,14.8
MAT-2024-0909,CHM 101,General Chemistry I,28.3
MAT-2024-0910,ENG 101,Engineering Mechanics,21.3
MAT-2024-0910,CHM 101,General Chemistry I,21.2
MAT-2024-0910,PHY 102,Practical Physics I,24.2
MAT-2024-0911,BIO 101,General Biology I,13.4
MAT-2024-0911,GST 102,Nigerian Peoples and Culture,15.3
MAT-2024-0911,CSC 101,Introduction to Computer Science,15.3
MAT-2024-0911,GST 101,Use of English,14.4
MAT-2024-0911,CHM 102,Practical Chemistry I,21.4
MAT-2024-0911,PHY 102,Practical Physics I,16.7
MAT-2024-0912,CHM 101,General Chemistry I,16.1
MAT-2024-0912,CSC 102,Introduction to Problem Solving,27.5
MAT-2024-0912,GST 102,Nigerian Peoples and Culture,24.6
MAT-2024-0913,ENG 101,Engineering Mechanics,13.0
MAT-2024-0913,CSC 101,Introduction to Computer Science,16.2
MAT-2024-0913,CHM 102,Practical Chemistry I,21.4
MAT-2024-0914,CSC 101,Introduction to Computer Science,17.8
MAT-2024-0914,STA 101,Introductory Statistics,25.4
MAT-2024-0914,PHY 101,General Physics I,19.0
MAT-2024-0914,GST 102,Nigerian Peoples and Culture,16.1
MAT-2024-0914,PHY 102,Practical Physics I,26.7
MAT-2024-0914,CHM 102,Practical Chemistry I,21.1
MAT-2024-0914,BIO 101,General Biology I,20.0
MAT-2024-0914,MAT 102,General Mathematics II,21.4
MAT-2024-0914,ENG 101,Engineering Mechanics,16.8
MAT-2024-0914,MAT 101,General Mathematics I,18.5
MAT-2024-0915,ENG 101,Engineering Mechanics,16.8
MAT-2024-0915,MAT 102,General Mathematics II,16.1
MAT-2024-0915,CHM 101,General Chemistry I,13.7
MAT-2024-0915,BIO 101,General Biology I,14.4
MAT-2024-0915,CHM 102,Practical Chemistry I,22.9
MAT-2024-0915,CSC 101,Introduction to Computer Science,19.7
MAT-2024-0916,PHY 101,General Physics I,16.2
MAT-2024-0916,CSC 101,Introduction to Computer Science,18.8
MAT-2024-0916,CSC 102,Introduction to Problem Solving,16.1
MAT-2024-0916,MAT 101,General Mathematics I,11.6
MAT-2024-0917,PHY 102,Practical Physics I,14.5
MAT-2024-0917,CHM 101,General Chemistry I,21.4
MAT-2024-0917,MAT 102,General Mathematics II,23.1
MAT-2024-0917,CHM 102,Practical Chemistry I,21.9
MAT-2024-0917,GST 101,Use of English,16.5
MAT-2024-0917,GST 102,Nigerian Peoples and Culture,9.4
MAT-2024-0917,PHY 101,General Physics I,20.2
MAT-2024-0917,STA 101,Introductory Statistics,17.4
MAT-2024-0917,MAT 101,General Mathematics I,14.0
MAT-2024-0917,CSC 101,Introduction to Computer Science,15.7
MAT-2024-0918,CSC 102,Introduction to Problem Solving,21.3
MAT-2024-0918,BIO 101,General Biology I,20.6
MAT-2024-0919,GST 102,Nigerian Peoples and Culture,7.4
MAT-2024-0919,PHY 102,Practical Physics I,13.3
MAT-2024-0919,BIO 101,General Biology I,20.5
MAT-2024-0920,STA 101,Introductory Statistics,13.8
MAT-2024-0920,CSC 101,Introduction to Computer Science,18.9
MAT-2024-0920,ENG 101,Engineering Mechanics,19.2
MAT-2024-0920,BIO 101,General Biology I,20.6
MAT-2024-0920,PHY 102,Practical Physics I,19.4
MAT-2024-0920,CSC 102,Introduction to Problem Solving,25.6
MAT-2024-0920,PHY 101,General Physics I,20.1
MAT-2024-0920,CHM 102,Practical Chemistry I,16.1
MAT-2024-0920,MAT 102,General Mathematics II,18.6
MAT-2024-0920,MAT 101,General Mathematics I,15.9
MAT-2024-0920,CHM 101,General Chemistry I,14.4
MAT-2024-0921,CHM 101,General Chemistry I,7.8
MAT-2024-0922,GST 101,Use of English,16.1
MAT-2024-0922,CSC 102,Introduction to Problem Solving,26.6
MAT-2024-0922,CHM 102,Practical Chemistry I,15.6
MAT-2024-0922,MAT 102,General Mathematics II,17.4
MAT-2024-0922,PHY 102,Practical Physics I,19.7
MAT-2024-0922,PHY 101,General Physics I,13.5
MAT-2024-0922,BIO 101,General Biology I,18.2
MAT-2024-0923,PHY 102,Practical Physics I,15.7
MAT-2024-0923,BIO 101,General Biology I,8.2
MAT-2024-0923,STA 101,Introductory Statistics,10.9
MAT-2024-0923,CSC 102,Introduction to Problem Solving,15.2
MAT-2024-0923,GST 101,Use of English,16.3
MAT-2024-0923,ENG 101,Engineering Mechanics,12.0
MAT-2024-0923,GST 102,Nigerian Peoples and Culture,11.1
MAT-2024-0923,MAT 101,General Mathematics I,7.5
MAT-2024-0924,CSC 102,Introduction to Problem Solving,21.7
MAT-2024-0924,ENG 101,Engineering Mechanics,19.9
MAT-2024-0924,STA 101,Introductory Statistics,21.1
MAT-2024-0924,MAT 102,General Mathematics II,19.9
MAT-2024-0924,GST 102,Nigerian Peoples and Culture,17.9
MAT-2024-0924,MAT 101,General Mathematics I,26.6
MAT-2024-0924,CHM 101,General Chemistry I,25.5
MAT-2024-0924,BIO 101,General Biology I,23.0
MAT-2024-0924,GST 101,Use of English,18.7
MAT-2024-0924,PHY 102,Practical Physics I,22.7
MAT-2024-0925,GST 101,Use of English,19.2
MAT-2024-0926,GST 102,Nigerian Peoples and Culture,19.7
MAT-2024-0926,ENG 101,Engineering Mechanics,15.7
MAT-2024-0926,MAT 101,General Mathematics I,21.3
MAT-2024-0926,MAT 102,General Mathematics II,21.2
MAT-2024-0926,CSC 102,Introduction to Problem Solving,17.3
MAT-2024-0926,CHM 102,Practical Chemistry I,13.9
MAT-2024-0926,PHY 101,General Physics I,13.0
MAT-2024-0926,CSC 101,Introduction to Computer Science,23.1
MAT-2024-0926,GST 101,Use of English,14.4
MAT-2024-0927,CHM 101,General Chemistry I,21.7
MAT-2024-0927,MAT 102,General Mathematics II,20.1
MAT-2024-0927,BIO 101,General Biology I,13.5
MAT-2024-0927,CSC 101,Introduction to Computer Science,15.2
MAT-2024-0927,ENG 101,Engineering Mechanics,16.5
MAT-2024-0927,CSC 102,Introduction to Problem Solving,17.8
MAT-2024-0927,CHM 102,Practical Chemistry I,22.1
MAT-2024-0928,CSC 102,Introduction to Problem Solving,14.6
MAT-2024-0929,CSC 101,Introduction to Computer Science,26.0
MAT-2024-0929,BIO 101,General Biology I,22.2
MAT-2024-0929,CHM 102,Practical Chemistry I,21.4
MAT-2024-0929,CSC 102,Introduction to Problem Solving,20.9
MAT-2024-0929,PHY 101,General Physics I,22.3
MAT-2024-0929,GST 102,Nigerian Peoples and Culture,22.5
MAT-2024-0929,PHY 102,Practical Physics I,24.5
MAT-2024-0929,CHM 101,General Chemistry I,26.1
MAT-2024-0929,STA 101,Introductory Statistics,25.7
MAT-2024-0930,ENG 101,Engineering Mechanics,17.3
MAT-2024-0930,MAT 102,General Mathematics II,18.0
MAT-2024-0930,STA 101,Introductory Statistics,21.3
MAT-2024-0931,MAT 101,General Mathematics I,19.1
MAT-2024-0931,CSC 101,Introduction to Computer Science,15.9
MAT-2024-0931,BIO 101,General Biology I,18.7
MAT-2024-0931,PHY 102,Practical Physics I,18.5
MAT-2024-0931,GST 101,Use of English,12.5
MAT-2024-0931,CHM 102,Practical Chemistry I,20.6
MAT-2024-0931,MAT 102,General Mathematics II,9.5
MAT-2024-0931,CSC 102,Introduction to Problem Solving,15.3
MAT-2024-0932,CSC 102,Introduction to Problem Solving,10.4
MAT-2024-0932,CHM 102,Practical Chemistry I,9.9
MAT-2024-0932,CSC 101,Introduction to Computer Science,11.1
MAT-2024-0932,PHY 101,General Physics I,8.1
MAT-2024-0932,PHY 102,Practical Physics I,1.0
MAT-2024-0932,GST 102,Nigerian Peoples and Culture,6.2
MAT-2024-0933,CHM 102,Practical Chemistry I,13.7
MAT-2024-0933,STA 101,Introductory Statistics,9.5
MAT-2024-0933,PHY 101,General Physics I,15.3
MAT-2024-0933,GST 102,Nigerian Peoples and Culture,11.2
MAT-2024-0933,ENG 101,Engineering Mechanics,18.9
MAT-2024-0933,CSC 101,Introduction to Computer Science,19.5
MAT-2024-0933,GST 101,Use of English,14.2
MAT-2024-0933,CHM 101,General Chemistry I,21.5
MAT-2024-0934,MAT 101,General Mathematics I,19.6
MAT-2024-0934,CSC 101,Introduction to Computer Science,20.0
MAT-2024-0934,STA 101,Introductory Statistics,26.8
MAT-2024-0934,PHY 102,Practical Physics I,25.4
MAT-2024-0934,CSC 102,Introduction to Problem Solving,23.8
MAT-2024-0934,GST 102,Nigerian Peoples and Culture,20.4
MAT-2024-0934,ENG 101,Engineering Mechanics,20.7
MAT-2024-0935,CSC 101,Introduction to Computer Science,13.2
MAT-2024-0935,CSC 102,Introduction to Problem Solving,9.2
MAT-2024-0935,MAT 101,General Mathematics I,18.5
MAT-2024-0936,CHM 101,General Chemistry I,23.9
MAT-2024-0936,MAT 102,General Mathematics II,15.8
MAT-2024-0936,BIO 101,General Biology I,11.0
MAT-2024-0936,CSC 102,Introduction to Problem Solving,12.1
MAT-2024-0936,CSC 101,Introduction to Computer Science,13.9
MAT-2024-0936,PHY 101,General Physics I,20.1
MAT-2024-0936,CHM 102,Practical Chemistry I,17.1
MAT-2024-0937,MAT 101,General Mathematics I,23.1
MAT-2024-0937,PHY 102,Practical Physics I,26.6
MAT-2024-0937,CHM 101,General Chemistry I,16.1
MAT-2024-0937,MAT 102,General Mathematics II,26.7
MAT-2024-0938,BIO 101,General Biology I,20.8
MAT-2024-0938,MAT 102,General Mathematics II,19.4
MAT-2024-0938,GST 102,Nigerian Peoples and Culture,21.5
MAT-2024-0938,MAT 101,General Mathematics I,24.2
MAT-2024-0938,CSC 102,Introduction to Problem Solving,18.4
MAT-2024-0938,GST 101,Use of English,19.0
MAT-2024-0938,PHY 101,General Physics I,20.7
MAT-2024-0938,CHM 101,General Chemistry I,17.0
MAT-2024-0939,BIO 101,General Biology I,22.1
MAT-2024-0939,MAT 102,General Mathematics II,19.2
MAT-2024-0939,ENG 101,Engineering Mechanics,25.1
MAT-2024-0939,CSC 102,Introduction to Problem Solving,19.0
MAT-2024-0939,PHY 101,General Physics I,27.1
MAT-2024-0939,MAT 101,General Mathematics I,21.3
MAT-2024-0939,GST 102,Nigerian Peoples and Culture,25.7
MAT-2024-0939,CHM 101,General Chemistry I,20.4
MAT-2024-0939,CSC 101,Introduction to Computer Science,21.1
MAT-2024-0939,CHM 102,Practical Chemistry I,25.7
MAT-2024-0939,PHY 102,Practical Physics I,29.6
MAT-2024-0940,CSC 101,Introduction to Computer Science,18.2
MAT-2024-0940,MAT 101,General Mathematics I,14.6
MAT-2024-0940,CHM 102,Practical Chemistry I,16.9
MAT-2024-0941,MAT 101,General Mathematics I,20.0
MAT-2024-0941,CSC 101,Introduction to Computer Science,20.3
MAT-2024-0941,MAT 102,General Mathematics II,23.1
MAT-2024-0941,PHY 102,Practical Physics I,19.2
MAT-2024-0941,CHM 101,General Chemistry I,15.2
MAT-2024-0941,STA 101,Introductory Statistics,24.6
MAT-2024-0942,MAT 101,General Mathematics I,21.9
MAT-2024-0942,PHY 101,General Physics I,18.2
MAT-2024-0943,CSC 101,Introduction to Computer Science,14.2
MAT-2024-0943,MAT 102,General Mathematics II,19.0
MAT-2024-0943,CHM 102,Practical Chemistry I,12.6
MAT-2024-0943,CHM 101,General Chemistry I,7.8
MAT-2024-0943,GST 102,Nigerian Peoples and Culture,14.9
MAT-2024-0943,CSC 102,Introduction to Problem Solving,16.7
MAT-2024-0943,GST 101,Use of English,21.7
MAT-2024-0944,STA 101,Introductory Statistics,21.3
MAT-2024-0944,MAT 101,General Mathematics I,19.6
MAT-2024-0944,PHY 101,General Physics I,29.0
MAT-2024-0944,CHM 101,General Chemistry I,14.3
MAT-2024-0944,MAT 102,General Mathematics II,17.1
MAT-2024-0944,GST 102,Nigerian Peoples and Culture,23.3
MAT-2024-0944,GST 101,Use of English,20.0
MAT-2024-0944,CSC 102,Introduction to Problem Solving,22.5
MAT-2024-0944,ENG 101,Engineering Mechanics,20.1
MAT-2024-0944,BIO 101,General Biology I,24.9
MAT-2024-0945,BIO 101,General Biology I,17.4
MAT-2024-0945,CSC 101,Introduction to Computer Science,21.4
MAT-2024-0945,PHY 101,General Physics I,16.4
MAT-2024-0945,CHM 101,General Chemistry I,10.9
MAT-2024-0945,STA 101,Introductory Statistics,23.4
MAT-2024-0946,ENG 101,Engineering Mechanics,19.2
MAT-2024-0946,GST 102,Nigerian Peoples and Culture,10.2
MAT-2024-0946,GST 101,Use of English,17.7
MAT-2024-0946,CHM 102,Practical Chemistry I,13.8
MAT-2024-0946,MAT 101,General Mathematics I,14.4
MAT-2024-0946,PHY 101,General Physics I,23.7
MAT-2024-0946,CHM 101,General Chemistry I,14.9
MAT-2024-0946,STA 101,Introductory Statistics,18.7
MAT-2024-0946,MAT 102,General Mathematics II,18.5
MAT-2024-0947,BIO 101,General Biology I,21.1
MAT-2024-0947,CSC 102,Introduction to Problem Solving,12.2
MAT-2024-0948,MAT 102,General Mathematics II,19.5
MAT-2024-0948,CSC 102,Introduction to Problem Solving,14.3
MAT-2024-0948,CHM 101,General Chemistry I,19.9
MAT-2024-0948,ENG 101,Engineering Mechanics,15.7
MAT-2024-0948,STA 101,Introductory Statistics,6.9
MAT-2024-0948,CHM 102,Practical Chemistry I,14.8
MAT-2024-0948,BIO 101,General Biology I,8.3
MAT-2024-0948,PHY 102,Practical Physics I,12.3
MAT-2024-0948,GST 102,Nigerian Peoples and Culture,11.9
MAT-2024-0948,CSC 101,Introduction to Computer Science,5.8
MAT-2024-0949,PHY 102,Practical Physics I,16.1
MAT-2024-0949,MAT 102,General Mathematics II,15.5
MAT-2024-0949,BIO 101,General Biology I,6.8
MAT-2024-0950,CSC 102,Introduction to Problem Solving,24.8
MAT-2024-0950,CHM 102,Practical Chemistry I,15.7
MAT-2024-0950,BIO 101,General Biology I,17.2
MAT-2024-0950,MAT 102,General Mathematics II,19.8
MAT-2024-0950,CSC 101,Introduction to Computer Science,17.0
MAT-2024-0950,GST 101,Use of English,23.0
MAT-2024-0950,STA 101,Introductory Statistics,23.1
MAT-2024-0950,GST 102,Nigerian Peoples and Culture,17.9
MAT-2024-0950,PHY 101,General Physics I,21.5
MAT-2024-0951,PHY 101,General Physics I,20.6
MAT-2024-0952,BIO 101,General Biology I,24.3
MAT-2024-0953,MAT 102,General Mathematics II,25.4
MAT-2024-0953,PHY 101,General Physics I,18.9
MAT-2024-0953,GST 101,Use of English,20.3
MAT-2024-0953,PHY 102,Practical Physics I,24.6
MAT-2024-0953,ENG 101,Engineering Mechanics,20.0
MAT-2024-0953,GST 102,Nigerian Peoples and Culture,16.8
MAT-2024-0953,MAT 101,General Mathematics I,10.3
MAT-2024-0953,CSC 101,Introduction to Computer Science,22.5
MAT-2024-0953,STA 101,Introductory Statistics,20.9
MAT-2024-0953,CSC 102,Introduction to Problem Solving,23.0
MAT-2024-0953,BIO 101,General Biology I,9.5
MAT-2024-0954,GST 101,Use of English,10.0
MAT-2024-0954,CSC 102,Introduction to Problem Solving,10.0
MAT-2024-0954,CHM 101,General Chemistry I,1.2
MAT-2024-0954,CHM 102,Practical Chemistry I,13.2
MAT-2024-0954,PHY 101,General Physics I,10.4
MAT-2024-0954,PHY 102,Practical Physics I,15.8
MAT-2024-0954,CSC 101,Introduction to Computer Science,12.0
MAT-2024-0954,BIO 101,General Biology I,14.0
MAT-2024-0954,STA 101,Introductory Statistics,15.9
MAT-2024-0954,ENG 101,Engineering Mechanics,10.6
MAT-2024-0954,MAT 101,General Mathematics I,11.1
MAT-2024-0955,CHM 102,Practical Chemistry I,9.0
MAT-2024-0955,STA 101,Introductory Statistics,6.3
MAT-2024-0956,ENG 101,Engineering Mechanics,20.9
MAT-2024-0956,CSC 102,Introduction to Problem Solving,21.7
MAT-2024-0956,PHY 102,Practical Physics I,26.5
MAT-2024-0956,CHM 102,Practical Chemistry I,25.1
MAT-2024-0956,MAT 101,General Mathematics I,22.6
MAT-2024-0956,CSC 101,Introduction to Computer Science,25.4
MAT-2024-0957,STA 101,Introductory Statistics,11.9
MAT-2024-0957,MAT 102,General Mathematics II,9.2
MAT-2024-0957,CHM 102,Practical Chemistry I,9.2
MAT-2024-0957,BIO 101,General Biology I,13.3
MAT-2024-0958,MAT 102,General Mathematics II,17.0
MAT-2024-0958,MAT 101,General Mathematics I,20.5
MAT-2024-0958,CHM 102,Practical Chemistry I,16.4
MAT-2024-0958,CSC 101,Introduction to Computer Science,12.5
MAT-2024-0958,BIO 101,General Biology I,21.3
MAT-2024-0958,PHY 102,Practical Physics I,22.2
MAT-2024-0958,STA 101,Introductory Statistics,18.2
MAT-2024-0958,GST 101,Use of English,12.8
MAT-2024-0959,STA 101,Introductory Statistics,20.9
MAT-2024-0959,BIO 101,General Biology I,12.7
MAT-2024-0959,ENG 101,Engineering Mechanics,10.3
MAT-2024-0959,MAT 101,General Mathematics I,12.9
MAT-2024-0959,GST 102,Nigerian Peoples and Culture,21.2
MAT-2024-0959,CHM 101,General Chemistry I,13.1
MAT-2024-0959,CSC 102,Introduction to Problem Solving,8.7
MAT-2024-0959,MAT 102,General Mathematics II,7.6
MAT-2024-0959,CSC 101,Introduction to Computer Science,13.3
MAT-2024-0960,GST 102,Nigerian Peoples and Culture,14.3
MAT-2024-0960,MAT 101,General Mathematics I,14.7
MAT-2024-0960,GST 101,Use of English,17.2
MAT-2024-0960,PHY 102,Practical Physics I,12.6
MAT-2024-0960,STA 101,Introductory Statistics,13.3
MAT-2024-0960,MAT 102,General Mathematics II,8.1
MAT-2024-0960,CSC 102,Introduction to Problem Solving,19.5
MAT-2024-0960,PHY 101,General Physics I,9.9
MAT-2024-0960,CSC 101,Introduction to Computer Science,16.6
MAT-2024-0961,STA 101,Introductory Statistics,8.4
MAT-2024-0962,CHM 102,Practical Chemistry I,22.4
MAT-2024-0962,GST 102,Nigerian Peoples and Culture,21.1
MAT-2024-0962,CSC 101,Introduction to Computer Science,14.8
MAT-2024-0962,PHY 102,Practical Physics I,24.3
MAT-2024-0962,ENG 101,Engineering Mechanics,28.7
MAT-2024-0962,MAT 102,General Mathematics II,26.6
MAT-2024-0962,CHM 101,General Chemistry I,15.6
MAT-2024-0963,MAT 102,General Mathematics II,7.4
MAT-2024-0963,CHM 101,General Chemistry I,3.1
MAT-2024-0964,CSC 102,Introduction to Problem Solving,21.2
MAT-2024-0964,MAT 101,General Mathematics I,24.2
MAT-2024-0964,CHM 101,General Chemistry I,20.3
MAT-2024-0964,ENG 101,Engineering Mechanics,23.2
MAT-2024-0964,PHY 101,General Physics I,25.6
MAT-2024-0964,BIO 101,General Biology I,24.9
MAT-2024-0965,STA 101,Introductory Statistics,25.7
MAT-2024-0965,BIO 101,General Biology I,26.2
MAT-2024-0965,CHM 101,General Chemistry I,25.1
MAT-2024-0965,GST 101,Use of English,15.8
MAT-2024-0966,CHM 101,General Chemistry I,10.6
MAT-2024-0966,CSC 101,Introduction to Computer Science,19.6
MAT-2024-0966,PHY 101,General Physics I,22.2
MAT-2024-0966,STA 101,Introductory Statistics,12.3
MAT-2024-0966,MAT 101,General Mathematics I,16.6
MAT-2024-0966,GST 101,Use of English,18.4
MAT-2024-0966,GST 102,Nigerian Peoples and Culture,25.4
MAT-2024-0966,BIO 101,General Biology I,26.0
MAT-2024-0966,MAT 102,General Mathematics II,12.3
MAT-2024-0967,MAT 102,General Mathematics II,23.5
MAT-2024-0968,GST 102,Nigerian Peoples and Culture,15.2
MAT-2024-0968,CSC 101,Introduction to Computer Science,11.7
MAT-2024-0968,GST 101,Use of English,15.3
MAT-2024-0968,STA 101,Introductory Statistics,8.7
MAT-2024-0968,BIO 101,General Biology I,13.4
MAT-2024-0968,CHM 101,General Chemistry I,11.4
MAT-2024-0968,ENG 101,Engineering Mechanics,14.6
MAT-2024-0968,CSC 102,Introduction to Problem Solving,8.4
MAT-2024-0969,MAT 102,General Mathematics II,22.4
MAT-2024-0969,PHY 101,General Physics I,25.3
MAT-2024-0969,GST 102,Nigerian Peoples and Culture,21.7
MAT-2024-0970,CSC 101,Introduction to Computer Science,21.2
MAT-2024-0970,GST 101,Use of English,23.7
MAT-2024-0970,MAT 101,General Mathematics I,17.9
MAT-2024-0970,BIO 101,General Biology I,18.6
MAT-2024-0970,ENG 101,Engineering Mechanics,7.4
MAT-2024-0970,PHY 101,General Physics I,14.2
MAT-2024-0970,CHM 102,Practical Chemistry I,11.7
MAT-2024-0970,MAT 102,General Mathematics II,16.1
MAT-2024-0970,GST 102,Nigerian Peoples and Culture,15.0
MAT-2024-0970,CHM 101,General Chemistry I,14.5
MAT-2024-0970,PHY 102,Practical Physics I,13.6
MAT-2024-0971,MAT 101,General Mathematics I,18.0
MAT-2024-0971,PHY 101,General Physics I,11.6
MAT-2024-0971,GST 102,Nigerian Peoples and Culture,9.0
MAT-2024-0971,CHM 101,General Chemistry I,13.1
MAT-2024-0971,MAT 102,General Mathematics II,19.4
MAT-2024-0971,PHY 102,Practical Physics I,11.7
MAT-2024-0971,STA 101,Introductory Statistics,13.8
MAT-2024-0971,CSC 102,Introduction to Problem Solving,16.9
MAT-2024-0972,GST 101,Use of English,20.8
MAT-2024-0972,MAT 102,General Mathematics II,18.0
MAT-2024-0972,CHM 101,General Chemistry I,15.1
MAT-2024-0972,CHM 102,Practical Chemistry I,19.0
MAT-2024-0972,GST 102,Nigerian Peoples and Culture,15.0
MAT-2024-0972,STA 101,Introductory Statistics,16.7
MAT-2024-0973,CHM 102,Practical Chemistry I,18.4
MAT-2024-0973,PHY 101,General Physics I,21.1
MAT-2024-0973,CHM 101,General Chemistry I,23.1
MAT-2024-0973,CSC 101,Introduction to Computer Science,20.5
MAT-2024-0973,PHY 102,Practical Physics I,23.5
MAT-2024-0973,MAT 102,General Mathematics II,24.7
MAT-2024-0973,MAT 101,General Mathematics I,25.4
MAT-2024-0973,ENG 101,Engineering Mechanics,29.5
MAT-2024-0974,GST 102,Nigerian Peoples and Culture,25.6
MAT-2024-0974,MAT 102,General Mathematics II,16.6
MAT-2024-0974,PHY 101,General Physics I,19.6
MAT-2024-0974,GST 101,Use of English,25.8
MAT-2024-0974,CSC 102,Introduction to Problem Solving,16.8
MAT-2024-0974,STA 101,Introductory Statistics,25.2
MAT-2024-0974,CHM 101,General Chemistry I,26.4
MAT-2024-0974,CSC 101,Introduction to Computer Science,26.3
MAT-2024-0974,BIO 101,General Biology I,23.5
MAT-2024-0974,CHM 102,Practical Chemistry I,18.6
MAT-2024-0975,PHY 102,Practical Physics I,28.6
MAT-2024-0975,GST 101,Use of English,18.2
MAT-2024-0975,CSC 101,Introduction to Computer Science,18.3
MAT-2024-0975,PHY 101,General Physics I,16.2
MAT-2024-0975,CHM 101,General Chemistry I,19.0
MAT-2024-0976,STA 101,Introductory Statistics,15.4
MAT-2024-0976,GST 102,Nigerian Peoples and Culture,14.4
MAT-2024-0976,BIO 101,General Biology I,10.4
MAT-2024-0976,MAT 101,General Mathematics I,20.1
MAT-2024-0976,CSC 101,Introduction to Computer Science,14.3
MAT-2024-0976,PHY 102,Practical Physics I,21.3
MAT-2024-0976,GST 101,Use of English,21.4
MAT-2024-0976,MAT 102,General Mathematics II,26.0
MAT-2024-0976,CHM 102,Practical Chemistry I,18.2
MAT-2024-0976,CHM 101,General Chemistry I,18.6
MAT-2024-0977,MAT 101,General Mathematics I,8.9
MAT-2024-0977,PHY 101,General Physics I,9.9
MAT-2024-0977,ENG 101,Engineering Mechanics,10.5
MAT-2024-0977,CHM 102,Practical Chemistry I,6.6
MAT-2024-0977,CSC 101,Introduction to Computer Science,11.2
MAT-2024-0977,BIO 101,General Biology I,3.7
MAT-2024-0977,CHM 101,General Chemistry I,10.7
MAT-2024-0978,CHM 101,General Chemistry I,14.0
MAT-2024-0978,STA 101,Introductory Statistics,15.6
MAT-2024-0978,GST 101,Use of English,20.8
MAT-2024-0978,GST 102,Nigerian Peoples and Culture,19.7
MAT-2024-0978,PHY 101,General Physics I,13.0
MAT-2024-0978,BIO 101,General Biology I,13.7
MAT-2024-0979,CSC 101,Introduction to Computer Science,6.8
MAT-2024-0979,PHY 101,General Physics I,17.9
MAT-2024-0979,BIO 101,General Biology I,18.5
MAT-2024-0979,CSC 102,Introduction to Problem Solving,18.9
MAT-2024-0979,CHM 102,Practical Chemistry I,10.8
MAT-2024-0979,CHM 101,General Chemistry I,16.1
MAT-2024-0979,STA 101,Introductory Statistics,13.7
MAT-2024-0979,ENG 101,Engineering Mechanics,15.4
MAT-2024-0979,GST 101,Use of English,18.1
MAT-2024-0979,GST 102,Nigerian Peoples and Culture,16.2
MAT-2024-0980,GST 101,Use of English,17.2
MAT-2024-0980,CSC 101,Introduction to Computer Science,15.0
MAT-2024-0980,PHY 102,Practical Physics I,19.1
MAT-2024-0980,CHM 101,General Chemistry I,17.5
MAT-2024-0981,ENG 101,Engineering Mechanics,10.5
MAT-2024-0981,CSC 101,Introduction to Computer Science,10.1
MAT-2024-0981,CHM 102,Practical Chemistry I,11.1
MAT-2024-0981,STA 101,Introductory Statistics,16.9
MAT-2024-0981,PHY 102,Practical Physics I,20.6
MAT-2024-0981,BIO 101,General Biology I,8.1
MAT-2024-0982,MAT 101,General Mathematics I,9.4
MAT-2024-0982,PHY 101,General Physics I,19.9
MAT-2024-0982,BIO 101,General Biology I,8.1
MAT-2024-0982,CSC 102,Introduction to Problem Solving,2.9
MAT-2024-0982,STA 101,Introductory Statistics,14.3
MAT-2024-0982,CHM 102,Practical Chemistry I,16.2
MAT-2024-0982,GST 101,Use of English,12.3
MAT-2024-0982,PHY 102,Practical Physics I,5.3
MAT-2024-0983,MAT 102,General Mathematics II,28.0
MAT-2024-0983,STA 101,Introductory Statistics,23.7
MAT-2024-0983,PHY 102,Practical Physics I,23.3
MAT-2024-0983,CHM 102,Practical Chemistry I,22.5
MAT-2024-0983,CSC 101,Introduction to Computer Science,18.4
MAT-2024-0984,PHY 101,General Physics I,13.3
MAT-2024-0984,ENG 101,Engineering Mechanics,18.6
MAT-2024-0984,MAT 102,General Mathematics II,6.4
MAT-2024-0984,STA 101,Introductory Statistics,17.1
MAT-2024-0984,GST 102,Nigerian Peoples and Culture,15.8
MAT-2024-0984,CHM 102,Practical Chemistry I,20.9
MAT-2024-0984,CSC 102,Introduction to Problem Solving,18.3
MAT-2024-0984,CSC 101,Introduction to Computer Science,15.0
MAT-2024-0984,CHM 101,General Chemistry I,9.2
MAT-2024-0985,ENG 101,Engineering Mechanics,21.1
MAT-2024-0985,PHY 102,Practical Physics I,23.4
MAT-2024-0985,MAT 102,General Mathematics II,30.0
MAT-2024-0985,GST 101,Use of English,26.7
MAT-2024-0985,CSC 102,Introduction to Problem Solving,21.2
MAT-2024-0985,CSC 101,Introduction to Computer Science,20.2
MAT-2024-0985,GST 102,Nigerian Peoples and Culture,21.9
MAT-2024-0985,CHM 102,Practical Chemistry I,21.0
MAT-2024-0986,STA 101,Introductory Statistics,18.5
MAT-2024-0986,GST 101,Use of English,20.8
MAT-2024-0987,ENG 101,Engineering Mechanics,6.1
MAT-2024-0987,MAT 102,General Mathematics II,19.1
MAT-2024-0987,PHY 102,Practical Physics I,15.4
MAT-2024-0987,STA 101,Introductory Statistics,21.0
MAT-2024-0987,GST 102,Nigerian Peoples and Culture,18.5
MAT-2024-0987,GST 101,Use of English,20.2
MAT-2024-0987,PHY 101,General Physics I,14.7
MAT-2024-0987,CHM 102,Practical Chemistry I,13.1
MAT-2024-0987,MAT 101,General Mathematics I,21.2
MAT-2024-0987,BIO 101,General Biology I,19.9
MAT-2024-0988,PHY 102,Practical Physics I,0.5
MAT-2024-0988,MAT 102,General Mathematics II,2.9
MAT-2024-0989,STA 101,Introductory Statistics,20.0
MAT-2024-0989,GST 102,Nigerian Peoples and Culture,13.5
MAT-2024-0989,PHY 101,General Physics I,9.7
MAT-2024-0989,BIO 101,General Biology I,12.8
MAT-2024-0989,CSC 101,Introduction to Computer Science,21.0
MAT-2024-0989,CHM 101,General Chemistry I,16.1
MAT-2024-0989,GST 101,Use of English,17.1
MAT-2024-0989,MAT 101,General Mathematics I,12.5
MAT-2024-0990,PHY 101,General Physics I,9.4
MAT-2024-0990,CHM 102,Practical Chemistry I,13.2
MAT-2024-0990,PHY 102,Practical Physics I,10.9
MAT-2024-0990,ENG 101,Engineering Mechanics,18.2
MAT-2024-0990,STA 101,Introductory Statistics,10.0
MAT-2024-0990,BIO 101,General Biology I,21.9
MAT-2024-0990,GST 102,Nigerian Peoples and Culture,10.9
MAT-2024-0990,CSC 102,Introduction to Problem Solving,12.0
MAT-2024-0990,MAT 101,General Mathematics I,18.8
MAT-2024-0990,CHM 101,General Chemistry I,23.7
MAT-2024-0991,CSC 101,Introduction to Computer Science,16.0
MAT-2024-0991,PHY 102,Practical Physics I,16.0
MAT-2024-0991,CHM 102,Practical Chemistry I,18.5
MAT-2024-0991,MAT 101,General Mathematics I,21.3
MAT-2024-0992,CHM 102,Practical Chemistry I,12.0
MAT-2024-0992,CSC 101,Introduction to Computer Science,4.9
MAT-2024-0992,BIO 101,General Biology I,4.4
MAT-2024-0993,CHM 101,General Chemistry I,12.8
MAT-2024-0993,ENG 101,Engineering Mechanics,27.3
MAT-2024-0993,PHY 102,Practical Physics I,21.7
MAT-2024-0993,CHM 102,Practical Chemistry I,19.1
MAT-2024-0993,BIO 101,General Biology I,18.6
MAT-2024-0993,GST 101,Use of English,14.8
MAT-2024-0993,PHY 101,General Physics I,16.0
MAT-2024-0993,STA 101,Introductory Statistics,26.9
MAT-2024-0993,CSC 101,Introduction to Computer Science,15.3
MAT-2024-0994,PHY 102,Practical Physics I,12.2
MAT-2024-0994,CHM 102,Practical Chemistry I,17.5
MAT-2024-0994,CHM 101,General Chemistry I,10.8
MAT-2024-0994,ENG 101,Engineering Mechanics,16.6
MAT-2024-0994,STA 101,Introductory Statistics,17.5
MAT-2024-0995,PHY 102,Practical Physics I,18.3
MAT-2024-0995,MAT 101,General Mathematics I,12.8
MAT-2024-0996,GST 102,Nigerian Peoples and Culture,11.5
MAT-2024-0996,ENG 101,Engineering Mechanics,9.1
MAT-2024-0996,CSC 101,Introduction to Computer Science,10.3
MAT-2024-0996,CHM 101,General Chemistry I,13.3
MAT-2024-0996,MAT 101,General Mathematics I,8.3
MAT-2024-0996,STA 101,Introductory Statistics,9.2
MAT-2024-0996,PHY 102,Practical Physics I,18.9
MAT-2024-0996,MAT 102,General Mathematics II,15.7
MAT-2024-0996,BIO 101,General Biology I,13.0
MAT-2024-0996,CHM 102,Practical Chemistry I,23.8
MAT-2024-0997,CHM 101,General Chemistry I,14.8
MAT-2024-0997,MAT 101,General Mathematics I,17.1
MAT-2024-0998,ENG 101,Engineering Mechanics,13.6
MAT-2024-0998,CSC 102,Introduction to Problem Solving,17.2
MAT-2024-0998,PHY 102,Practical Physics I,15.6
MAT-2024-0998,MAT 102,General Mathematics II,16.3
MAT-2024-0999,STA 101,Introductory Statistics,16.2
MAT-2024-0999,CSC 102,Introduction to Problem Solving,15.1
MAT-2024-0999,ENG 101,Engineering Mechanics,12.6
MAT-2024-0999,CHM 102,Practical Chemistry I,13.0
MAT-2024-0999,PHY 102,Practical Physics I,18.4
MAT-2024-0999,GST 102,Nigerian Peoples and Culture,15.5
MAT-2024-0999,CHM 101,General Chemistry I,15.8
MAT-2024-0999,PHY 101,General Physics I,14.1
MAT-2024-0999,MAT 102,General Mathematics II,16.4
MAT-2024-0999,GST 101,Use of English,17.6
MAT-2024-0999,MAT 101,General Mathematics I,11.3
MAT-2024-1000,GST 102,Nigerian Peoples and Culture,19.1
MAT-2024-1000,ENG 101,Engineering Mechanics,16.0
MAT-2024-1000,STA 101,Introductory Statistics,22.4
MAT-2024-1000,CSC 102,Introduction to Problem Solving,17.3
